account_id,account_name,plan,region,seats,mrr,contract_start,churned,churn_reason_code,days_to_observed_churn
A0001,Acme Tenant 0001,Pro,NA,27,595.0,2023-08-24,0,none,-1
A0002,Acme Tenant 0002,Pro,APAC,53,1190.0,2023-08-21,1,competitor,26
A0003,Acme Tenant 0003,Enterprise,NA,19,1497.0,2023-09-08,0,none,-1
A0004,Acme Tenant 0004,Starter,EU,76,585.0,2023-03-18,0,none,-1
A0005,Acme Tenant 0005,Starter,APAC,12,78.0,2024-02-13,1,support,40
A0006,Acme Tenant 0006,Pro,NA,34,714.0,2023-05-23,1,none,88
A0007,Acme Tenant 0007,Starter,EU,35,273.0,2023-05-09,1,low_usage,10
A0008,Acme Tenant 0008,Starter,NA,25,195.0,2023-02-05,1,low_usage,29
A0009,Acme Tenant 0009,Pro,NA,41,952.0,2024-04-29,0,none,-1
A0010,Acme Tenant 0010,Pro,APAC,52,1190.0,2023-08-01,1,price,53
A0011,Acme Tenant 0011,Enterprise,NA,27,2495.0,2023-03-13,1,support,82
A0012,Acme Tenant 0012,Pro,NA,41,952.0,2023-12-24,1,none,33
A0013,Acme Tenant 0013,Enterprise,APAC,195,19461.0,2023-03-15,0,none,-1
A0014,Acme Tenant 0014,Enterprise,APAC,224,21956.0,2024-02-28,0,none,-1
A0015,Acme Tenant 0015,Enterprise,EU,166,16467.0,2023-03-01,1,price,44
A0016,Acme Tenant 0016,Pro,NA,11,238.0,2023-07-20,0,none,-1
A0017,Acme Tenant 0017,Pro,EU,3,119.0,2023-06-05,1,support,69
A0018,Acme Tenant 0018,Pro,NA,57,1309.0,2023-05-29,0,none,-1
A0019,Acme Tenant 0019,Pro,NA,27,595.0,2024-01-28,1,competitor,87
A0020,Acme Tenant 0020,Pro,APAC,31,714.0,2024-02-05,0,none,-1
A0021,Acme Tenant 0021,Starter,APAC,26,195.0,2023-10-12,0,none,-1
A0022,Acme Tenant 0022,Starter,APAC,14,78.0,2023-04-27,0,none,-1
A0023,Acme Tenant 0023,Pro,EU,78,1785.0,2024-01-20,0,none,-1
A0024,Acme Tenant 0024,Pro,EU,74,1666.0,2023-03-20,0,none,-1
A0025,Acme Tenant 0025,Pro,EU,19,357.0,2024-03-03,0,none,-1
A0026,Acme Tenant 0026,Enterprise,NA,32,2994.0,2023-02-18,0,none,-1
A0027,Acme Tenant 0027,Starter,NA,39,273.0,2023-06-05,1,none,79
A0028,Acme Tenant 0028,Starter,APAC,46,351.0,2023-03-13,1,price,90
A0029,Acme Tenant 0029,Starter,APAC,6,39.0,2023-06-24,1,competitor,30
A0030,Acme Tenant 0030,Starter,NA,74,546.0,2023-04-07,0,none,-1
A0031,Acme Tenant 0031,Pro,NA,-2,1071.0,2024-01-05,1,support,30
A0032,Acme Tenant 0032,Starter,NA,47,351.0,2024-03-18,1,none,112
A0033,Acme Tenant 0033,Starter,NA,75,585.0,2024-04-07,1,support,6
A0034,Acme Tenant 0034,Pro,NA,64,1428.0,2023-06-07,0,none,-1
A0035,Acme Tenant 0035,Starter,NA,26,195.0,2024-04-06,1,price,117
A0036,Acme Tenant 0036,Pro,NA,17,357.0,2023-04-23,0,none,-1
A0037,Acme Tenant 0037,Enterprise,APAC,156,15469.0,2023-10-12,1,competitor,27
A0038,Acme Tenant 0038,Starter,NA,19,117.0,2023-03-22,1,price,101
A0039,Acme Tenant 0039,Pro,EU,77,1785.0,2023-04-30,0,none,-1
A0040,Acme Tenant 0040,Pro,NA,46,1071.0,2023-09-25,1,price,18
A0041,Acme Tenant 0041,Starter,NA,74,546.0,2023-01-23,0,none,-1
A0042,Acme Tenant 0042,Enterprise,APAC,29,2495.0,2023-06-13,1,none,22
A0043,Acme Tenant 0043,Starter,EU,78,585.0,2024-02-26,1,low_usage,38
A0044,Acme Tenant 0044,Starter,APAC,76,585.0,2023-12-31,1,support,23
A0045,Acme Tenant 0045,Starter,APAC,46,351.0,2023-04-12,0,none,-1
A0046,Acme Tenant 0046,Starter,EU,22,156.0,2023-09-28,1,price,75
A0047,Acme Tenant 0047,Proo,APAC,73,1666.0,2024-01-11,0,none,-1
A0048,Acme Tenant 0048,Starter,APAC,30,234.0,2023-08-30,1,none,95
A0049,Acme Tenant 0049,Starter,NA,6,39.0,2023-02-04,0,none,-1
A0050,Acme Tenant 0050,Starter,EU,55,429.0,2023-07-29,1,support,111
A0051,Acme Tenant 0051,Enterprise,APAC,166,16467.0,2023-07-13,0,none,-1
A0052,Acme Tenant 0052,Enterprise,EU,40,3992.0,2024-01-21,0,none,-1
A0053,Acme Tenant 0053,Starter,NA,74,546.0,2023-11-14,1,none,21
A0054,Acme Tenant 0054,Enterprise,NA,100,9980.0,2024-02-01,0,none,-1
A0055,Acme Tenant 0055,Pro,NA,33,714.0,2024-04-14,1,price,71
A0056,Acme Tenant 0056,Pro,NA,37,833.0,2024-02-17,0,none,-1
A0057,Acme Tenant 0057,Starter,NA,71,546.0,2023-02-16,0,none,-1
A0058,Acme Tenant 0058,Starter,NA,-2,507.0,2023-09-01,0,none,-1
A0059,Acme Tenant 0059,Starter,EU,69,507.0,2023-02-14,1,low_usage,115
A0060,Acme Tenant 0060,Pro,NA,7,119.0,2023-07-23,0,none,-1
A0061,Acme Tenant 0061,Starter,EU,58,429.0,2023-06-02,1,low_usage,90
A0062,Acme Tenant 0062,Starter,NA,12,78.0,2023-09-19,1,competitor,78
A0063,Acme Tenant 0063,Pro,NA,63,1428.0,2023-08-03,0,none,-1
A0064,Acme Tenant 0064,Pro,APAC,30,714.0,2023-06-16,1,competitor,52
A0065,Acme Tenant 0065,Starter,NA,44,312.0,2023-08-01,0,none,-1
A0066,Acme Tenant 0066,Starter,NA,33,234.0,2023-06-19,1,price,20
A0067,Acme Tenant 0067,Pro,NA,77,1785.0,2023-02-05,0,none,-1
A0068,Acme Tenant 0068,Starter,EU,56,429.0,2023-08-04,0,none,-1
A0069,Acme Tenant 0069,Starter,EU,40,312.0,2023-05-30,1,low_usage,104
A0070,Acme Tenant 0070,Pro,EU,70,1666.0,2023-05-27,1,support,80
A0071,Acme Tenant 0071,Enterprise,NA,235,23453.0,2023-11-23,0,none,-1
A0072,Acme Tenant 0072,Starter,EU,77,585.0,2023-03-29,1,none,29
A0073,Acme Tenant 0073,Enterprise,EU,7,499.0,2023-07-24,0,none,-1
A0074,Acme Tenant 0074,Starter,EU,75,585.0,2024-01-23,0,none,-1
A0075,Acme Tenant 0075,Starter,EU,2,39.0,2023-09-09,0,none,-1
A0076,Acme Tenant 0076,Starter,APAC,16,117.0,2023-08-26,0,none,-1
A0077,Acme Tenant 0077,Pro,APAC,52,1190.0,2023-12-10,0,none,-1
A0078,Acme Tenant 0078,Starter,NA,42,312.0,2023-07-13,1,price,63
A0079,Acme Tenant 0079,Starter,NA,63,468.0,2024-01-29,0,none,-1
A0080,Acme Tenant 0080,Pro,APAC,44,952.0,2023-06-20,0,none,-1
A0081,Acme Tenant 0081,Enterprise,NA,52,4990.0,2023-03-13,1,support,10
A0082,Acme Tenant 0082,Starter,NA,44,312.0,2023-06-20,0,none,-1
A0083,Acme Tenant 0083,Pro,NA,23,476.0,2024-01-25,0,none,-1
A0084,Acme Tenant 0084,Enterprise,NA,125,12475.0,2023-01-14,0,none,-1
A0085,Acme Tenant 0085,Pro,NA,9,119.0,2023-01-19,0,none,-1
A0086,Acme Tenant 0086,Pro,EU,65,1547.0,2024-05-01,1,support,7
A0087,Acme Tenant 0087,Starter,NA,59,429.0,2023-10-13,1,none,38
A0088,Acme Tenant 0088,Enterprise,NA,79,7485.0,2024-01-05,0,none,-1
A0089,Acme Tenant 0089,Pro,EU,53,1190.0,2023-06-25,1,low_usage,105
A0090,Acme Tenant 0090,Starter,APAC,59,429.0,2023-12-03,1,support,110
A0091,Acme Tenant 0091,Pro,EU,36,833.0,2023-08-09,0,none,-1
A0092,Acme Tenant 0092,Pro,NA,76,1785.0,2023-02-24,1,price,40
A0093,Acme Tenant 0093,Starter,APAC,43,312.0,2024-04-26,1,low_usage,7
A0094,Acme Tenant 0094,Starter,APAC,42,312.0,2024-02-20,1,low_usage,80
A0095,Acme Tenant 0095,Starter,EU,34,234.0,2023-11-19,1,competitor,116
A0096,Acme Tenant 0096,Pro,NA,18,357.0,2024-03-06,0,none,-1
A0097,Acme Tenant 0097,Starter,EU,6,39.0,2023-02-12,0,none,-1
A0098,Acme Tenant 0098,Pro,NA,74,1666.0,2023-11-07,1,support,34
A0099,Acme Tenant 0099,Enterprise,EU,103,9980.0,2023-02-05,1,competitor,79
A0100,Acme Tenant 0100,Starter,EU,21,156.0,2023-04-06,1,price,28
A0101,Acme Tenant 0101,Starter,EU,26,195.0,2023-10-29,1,support,104
A0102,Acme Tenant 0102,Starter,NA,78,585.0,2024-02-26,0,none,-1
A0103,Acme Tenant 0103,Starter,NA,34,234.0,2023-07-31,0,none,-1
A0104,Acme Tenant 0104,Pro,EU,37,833.0,2023-08-16,0,none,-1
A0105,Acme Tenant 0105,Starter,EU,15,117.0,2023-04-04,0,none,-1
A0106,Acme Tenant 0106,Pro,EU,11,238.0,2024-01-21,0,none,-1
A0107,Acme Tenant 0107,Starter,APAC,21,156.0,2023-02-22,1,low_usage,72
A0108,Acme Tenant 0108,Starter,NA,39,273.0,2023-09-06,1,price,85
A0109,Acme Tenant 0109,Pro,NA,28,595.0,2023-11-04,1,low_usage,58
A0110,Acme Tenant 0110,Pro,EU,11,238.0,2023-02-15,1,competitor,119
A0111,Acme Tenant 0111,Pro,NA,4,119.0,2024-03-13,0,none,-1
A0112,Acme Tenant 0112,Starter,NA,79,585.0,2024-01-08,1,competitor,115
A0113,Acme Tenant 0113,Starter,EU,61,468.0,2023-12-30,1,low_usage,81
A0114,Acme Tenant 0114,Pro,EU,14,238.0,2024-02-01,0,none,-1
A0115,Acme Tenant 0115,Pro,NA,44,952.0,2023-04-12,1,price,61
A0116,Acme Tenant 0116,Starter,NA,14,78.0,2024-02-24,0,none,-1
A0117,Acme Tenant 0117,Starter,EU,32,234.0,2023-05-15,1,support,68
A0118,Acme Tenant 0118,Pro,EU,54,1190.0,2023-01-08,0,none,-1
A0119,Acme Tenant 0119,Pro,NA,19,357.0,2023-04-28,1,low_usage,14
A0120,Acme Tenant 0120,Starter,APAC,53,390.0,2023-10-16,1,competitor,48
A0121,Acme Tenant 0121,Pro,EU,47,1071.0,2024-01-05,1,none,116
A0122,Acme Tenant 0122,Pro,EU,17,357.0,2024-05-13,0,none,-1
A0123,Acme Tenant 0123,Enterprise,EU,205,20459.0,2023-10-02,0,none,-1
A0124,Acme Tenant 0124,Pro,APAC,63,1428.0,2024-05-11,0,none,-1
A0125,Acme Tenant 0125,Enterprise,EU,220,21956.0,2023-11-27,1,competitor,68
A0126,Acme Tenant 0126,Pro,NA,8,119.0,2023-10-14,1,low_usage,7
A0127,Acme Tenant 0127,Starter,NA,15,117.0,2023-04-22,0,none,-1
A0128,Acme Tenant 0128,Pro,APAC,47,1071.0,2023-07-15,0,none,-1
A0129,Acme Tenant 0129,Proo,APAC,44,312.0,2024-01-31,1,price,116
A0130,Acme Tenant 0130,Pro,NA,68,1547.0,2023-09-06,0,none,-1
A0131,Acme Tenant 0131,Pro,APAC,52,1190.0,2024-05-03,1,support,10
A0132,Acme Tenant 0132,Starter,NA,55,429.0,2023-03-14,1,competitor,94
A0133,Acme Tenant 0133,Starter,EU,13,78.0,2023-12-18,0,none,-1
A0134,Acme Tenant 0134,Starter,NA,60,468.0,2024-03-11,1,none,14
A0135,Acme Tenant 0135,Enterprise,EU,47,4491.0,2023-02-09,0,none,-1
A0136,Acme Tenant 0136,Starter,NA,65,507.0,2024-01-27,1,competitor,116
A0137,Acme Tenant 0137,Pro,NA,21,476.0,2023-05-18,0,none,-1
A0138,Acme Tenant 0138,Starter,NA,1,39.0,2023-12-19,1,price,105
A0139,Acme Tenant 0139,Starter,NA,49,351.0,2024-03-07,1,none,73
A0140,Acme Tenant 0140,Enterprise,NA,109,10479.0,2023-09-06,0,none,-1
A0141,Acme Tenant 0141,Starter,EU,55,429.0,2023-08-27,1,price,25
A0142,Acme Tenant 0142,Proo,NA,77,1785.0,2023-07-26,0,none,-1
A0143,Acme Tenant 0143,Starter,EU,20,156.0,2023-07-28,1,price,87
A0144,Acme Tenant 0144,Pro,APAC,73,1666.0,2024-01-16,1,none,14
A0145,Acme Tenant 0145,Enterprise,EU,8,499.0,2024-04-16,0,none,-1
A0146,Acme Tenant 0146,Pro,EU,66,1547.0,2023-03-21,0,none,-1
A0147,Acme Tenant 0147,Starter,NA,70,546.0,2023-05-27,1,competitor,17
A0148,Acme Tenant 0148,Pro,APAC,77,1785.0,2024-02-01,1,low_usage,98
A0149,Acme Tenant 0149,Pro,EU,10,238.0,2023-02-01,0,none,-1
A0150,Acme Tenant 0150,Enterprise,APAC,75,7485.0,2023-09-17,0,none,-1
A0151,Acme Tenant 0151,Enterprise,APAC,76,7485.0,2023-01-15,0,none,-1
A0152,Acme Tenant 0152,Proo,NA,66,507.0,2023-06-07,0,none,-1
A0153,Acme Tenant 0153,Starter,APAC,37,273.0,2023-04-18,1,none,86
A0154,Acme Tenant 0154,Pro,NA,29,595.0,2023-11-27,0,none,-1
A0155,Acme Tenant 0155,Starter,EU,32,234.0,2023-09-19,0,none,-1
A0156,Acme Tenant 0156,Enterprise,NA,159,15469.0,2023-04-01,0,none,-1
A0157,Acme Tenant 0157,Starter,EU,63,468.0,2023-11-21,1,price,12
A0158,Acme Tenant 0158,Pro,EU,26,595.0,2024-01-10,0,none,-1
A0159,Acme Tenant 0159,Starter,NA,3,39.0,2023-01-07,1,none,68
A0160,Acme Tenant 0160,Pro,EU,22,476.0,2024-04-20,1,price,14
A0161,Acme Tenant 0161,Pro,NA,18,357.0,2024-05-07,1,competitor,24
A0162,Acme Tenant 0162,Pro,EU,38,833.0,2024-03-30,0,none,-1
A0163,Acme Tenant 0163,Enterprise,NA,96,9481.0,2023-03-15,0,none,-1
A0164,Acme Tenant 0164,Pro,EU,13,238.0,2023-08-25,0,none,-1
A0165,Acme Tenant 0165,Starter,EU,76,585.0,2023-01-15,0,none,-1
A0166,Acme Tenant 0166,Pro,NA,34,714.0,2024-04-16,1,none,74
A0167,Acme Tenant 0167,Enterprise,NA,109,10479.0,2023-05-16,1,competitor,11
A0168,Acme Tenant 0168,Starter,NA,30,234.0,2023-01-25,1,support,90
A0169,Acme Tenant 0169,Starter,NA,37,273.0,2024-05-10,1,competitor,49
A0170,Acme Tenant 0170,Starter,EU,39,273.0,2023-07-28,1,none,35
A0171,Acme Tenant 0171,Enterprise,APAC,40,3992.0,2023-08-16,1,competitor,76
A0172,Acme Tenant 0172,Starter,APAC,8,39.0,2023-07-12,0,none,-1
A0173,Acme Tenant 0173,Pro,NA,60,1428.0,2023-04-20,1,none,50
A0174,Acme Tenant 0174,Starter,NA,45,351.0,2023-06-03,1,price,8
A0175,Acme Tenant 0175,Pro,EU,3,119.0,2024-01-23,0,none,-1
A0176,Acme Tenant 0176,Starter,NA,31,234.0,2023-01-08,0,none,-1
A0177,Acme Tenant 0177,Starter,APAC,62,468.0,2024-05-04,1,support,109
A0178,Acme Tenant 0178,Pro,EU,79,1785.0,2024-01-19,0,none,-1
A0179,Acme Tenant 0179,Starter,NA,72,546.0,2023-01-04,0,none,-1
A0180,Acme Tenant 0180,Pro,NA,24,476.0,2024-04-19,1,price,50
A0181,Acme Tenant 0181,Pro,NA,50,1190.0,2023-04-08,0,none,-1
A0182,Acme Tenant 0182,Pro,APAC,17,357.0,2024-01-01,1,low_usage,30
A0183,Acme Tenant 0183,Starter,EU,68,507.0,2023-05-06,0,none,-1
A0184,Acme Tenant 0184,Pro,APAC,6,119.0,2023-03-31,0,none,-1
A0185,Acme Tenant 0185,Starter,APAC,4,39.0,2023-04-08,1,competitor,26
A0186,Acme Tenant 0186,Enterprise,EU,26,2495.0,2024-02-06,0,none,-1
A0187,Acme Tenant 0187,Starter,NA,56,429.0,2023-09-12,1,none,38
A0188,Acme Tenant 0188,Starter,NA,63,468.0,2023-10-09,0,none,-1
A0189,Acme Tenant 0189,Starter,EU,74,546.0,2024-01-23,0,none,-1
A0190,Acme Tenant 0190,Enterprise,APAC,43,3992.0,2023-03-13,0,none,-1
A0191,Acme Tenant 0191,Starter,EU,23,156.0,2023-09-14,1,none,105
A0192,Acme Tenant 0192,Pro,NA,48,1071.0,2023-07-30,0,none,-1
A0193,Acme Tenant 0193,Pro,EU,34,714.0,2023-06-26,0,none,-1
A0194,Acme Tenant 0194,Pro,EU,16,357.0,2023-02-01,1,low_usage,54
A0195,Acme Tenant 0195,Starter,EU,41,312.0,2023-10-12,1,low_usage,95
A0196,Acme Tenant 0196,Starter,NA,6,39.0,2023-07-17,1,low_usage,51
A0197,Acme Tenant 0197,Pro,EU,65,1547.0,2023-09-28,0,none,-1
A0198,Acme Tenant 0198,Starter,APAC,46,351.0,2023-06-29,1,competitor,116
A0199,Acme Tenant 0199,Enterprise,NA,123,11976.0,2024-05-03,1,none,45
A0200,Acme Tenant 0200,Pro,EU,50,1190.0,2024-03-12,0,none,-1
A0201,Acme Tenant 0201,Pro,EU,69,1547.0,2024-01-22,0,none,-1
A0202,Acme Tenant 0202,Pro,NA,57,1309.0,2023-12-17,0,none,-1
A0203,Acme Tenant 0203,Starter,APAC,29,195.0,2023-11-16,0,none,-1
A0204,Acme Tenant 0204,Enterprise,NA,132,12974.0,2024-04-20,0,none,-1
A0205,Acme Tenant 0205,Starter,NA,62,468.0,2024-01-16,1,competitor,79
A0206,Acme Tenant 0206,Pro,EU,36,833.0,2023-03-30,1,competitor,25
A0207,Acme Tenant 0207,Pro,NA,75,1785.0,2023-05-08,1,price,48
A0208,Acme Tenant 0208,Enterprise,NA,87,8483.0,2023-10-23,1,price,9
A0209,Acme Tenant 0209,Pro,APAC,15,357.0,2023-07-11,1,support,28
A0210,Acme Tenant 0210,Starter,EU,19,117.0,2023-03-20,1,none,95
A0211,Acme Tenant 0211,Starter,APAC,7,39.0,2024-04-17,0,none,-1
A0212,Acme Tenant 0212,Starter,APAC,77,585.0,2023-02-11,0,none,-1
A0213,Acme Tenant 0213,Enterprise,APAC,128,12475.0,2023-11-30,0,none,-1
A0214,Acme Tenant 0214,Starter,NA,7,39.0,2023-12-30,1,low_usage,71
A0215,Acme Tenant 0215,Starter,EU,50,390.0,2023-02-13,0,none,-1
A0216,Acme Tenant 0216,Pro,NA,6,119.0,2024-02-17,0,none,-1
A0217,Acme Tenant 0217,Starter,NA,70,546.0,2024-02-13,1,competitor,115
A0218,Acme Tenant 0218,Pro,EU,7,119.0,2023-01-01,0,none,-1
A0219,Acme Tenant 0219,Enterprise,NA,160,15968.0,2023-03-24,1,support,105
A0220,Acme Tenant 0220,Starter,EU,76,585.0,2023-08-06,1,competitor,63
A0221,Acme Tenant 0221,Enterprise,NA,37,3493.0,2023-12-19,1,price,37
A0222,Acme Tenant 0222,Pro,EU,51,1190.0,2024-02-15,0,none,-1
A0223,Acme Tenant 0223,Pro,NA,52,1190.0,2023-01-12,1,low_usage,50
A0224,Acme Tenant 0224,Pro,NA,34,714.0,2023-11-01,1,none,31
A0225,Acme Tenant 0225,Starter,NA,57,429.0,2023-04-10,1,competitor,107
A0226,Acme Tenant 0226,Starter,EU,62,468.0,2023-04-15,1,competitor,31
A0227,Acme Tenant 0227,Starter,EU,15,117.0,2024-05-05,0,none,-1
A0228,Acme Tenant 0228,Starter,APAC,31,234.0,2023-11-20,1,support,32
A0229,Acme Tenant 0229,Pro,NA,55,1309.0,2023-03-12,1,competitor,111
A0230,Acme Tenant 0230,Starter,EU,58,429.0,2024-04-14,1,price,6
A0231,Acme Tenant 0231,Enterprise,EU,90,8982.0,2023-06-15,0,none,-1
A0232,Acme Tenant 0232,Starter,EU,51,390.0,2023-04-02,0,none,-1
A0233,Acme Tenant 0233,Enterprise,NA,37,3493.0,2023-04-29,1,price,11
A0234,Acme Tenant 0234,Pro,APAC,37,833.0,2023-12-20,1,support,67
A0235,Acme Tenant 0235,Starter,EU,32,234.0,2023-05-14,0,none,-1
A0236,Acme Tenant 0236,Enterprise,APAC,241,23952.0,2023-10-05,0,none,-1
A0237,Acme Tenant 0237,Starter,NA,43,312.0,2023-09-29,1,competitor,36
A0238,Acme Tenant 0238,Enterprise,NA,7,499.0,2023-09-06,0,none,-1
A0239,Acme Tenant 0239,Starter,NA,8,39.0,2023-06-24,1,price,102
A0240,Acme Tenant 0240,Starter,NA,37,273.0,2023-01-03,0,none,-1
A0241,Acme Tenant 0241,Starter,NA,23,156.0,2023-10-17,0,none,-1
A0242,Acme Tenant 0242,Starter,APAC,65,507.0,2023-11-15,1,none,74
A0243,Acme Tenant 0243,Starter,EU,67,507.0,2024-03-30,0,none,-1
A0244,Acme Tenant 0244,Starter,NA,64,468.0,2024-02-04,1,support,50
A0245,Acme Tenant 0245,Starter,EU,14,78.0,2023-05-25,0,none,-1
A0246,Acme Tenant 0246,Starter,EU,41,312.0,2024-05-06,1,support,52
A0247,Acme Tenant 0247,Starter,APAC,67,507.0,2023-11-13,0,none,-1
A0248,Acme Tenant 0248,Pro,EU,35,833.0,2023-01-11,1,low_usage,112
A0249,Acme Tenant 0249,Pro,EU,24,476.0,2024-03-11,1,price,70
A0250,Acme Tenant 0250,Pro,EU,59,1309.0,2024-02-14,0,none,-1
A0251,Acme Tenant 0251,Pro,NA,55,1309.0,2023-01-26,0,none,-1
A0252,Acme Tenant 0252,Starter,NA,51,390.0,2023-05-25,1,none,102
A0253,Acme Tenant 0253,Starter,EU,4,39.0,2023-06-12,1,none,67
A0254,Acme Tenant 0254,Pro,EU,48,1071.0,2023-01-20,1,competitor,42
A0255,Acme Tenant 0255,Starter,NA,61,468.0,2023-04-10,1,none,94
A0256,Acme Tenant 0256,Starter,APAC,1,39.0,2023-04-01,0,none,-1
A0257,Acme Tenant 0257,Starter,APAC,31,234.0,2024-04-22,1,low_usage,7
A0258,Acme Tenant 0258,Starter,NA,68,507.0,2024-02-11,1,price,109
A0259,Acme Tenant 0259,Pro,NA,15,357.0,2023-01-07,0,none,-1
A0260,Acme Tenant 0260,Starter,EU,3,39.0,2024-04-15,1,low_usage,33
A0261,Acme Tenant 0261,Pro,EU,49,1071.0,2023-12-21,0,none,-1
A0262,Acme Tenant 0262,Starter,NA,5,39.0,2023-05-09,0,none,-1
A0263,Acme Tenant 0263,Starter,NA,20,156.0,2024-04-15,1,price,84
A0264,Acme Tenant 0264,Pro,NA,10,238.0,2024-01-20,1,none,7
A0265,Acme Tenant 0265,Pro,EU,73,1666.0,2023-09-28,0,none,-1
A0266,Acme Tenant 0266,Pro,EU,52,1190.0,2024-03-21,0,none,-1
A0267,Acme Tenant 0267,Pro,EU,40,952.0,2023-07-04,0,none,-1
A0268,Acme Tenant 0268,Pro,APAC,9,119.0,2023-05-27,1,competitor,45
A0269,Acme Tenant 0269,Enterprise,NA,27,2495.0,2023-03-19,1,support,88
A0270,Acme Tenant 0270,Starter,EU,53,390.0,2023-02-07,1,price,33
A0271,Acme Tenant 0271,Starter,NA,70,546.0,2024-02-07,0,none,-1
A0272,Acme Tenant 0272,Pro,EU,19,357.0,2023-01-10,1,low_usage,27
A0273,Acme Tenant 0273,Starter,APAC,44,312.0,2023-04-07,1,low_usage,29
A0274,Acme Tenant 0274,Starter,NA,11,78.0,2023-11-06,0,none,-1
A0275,Acme Tenant 0275,Starter,NA,2,39.0,2023-12-01,0,none,-1
A0276,Acme Tenant 0276,Enterprise,NA,24,1996.0,2023-02-02,0,none,-1
A0277,Acme Tenant 0277,Starter,NA,9,39.0,2024-01-13,1,support,75
A0278,Acme Tenant 0278,Pro,NA,66,1547.0,2023-09-03,0,none,-1
A0279,Acme Tenant 0279,Starter,NA,12,78.0,2023-01-18,1,low_usage,29
A0280,Acme Tenant 0280,Starter,NA,57,429.0,2023-05-20,0,none,-1
A0281,Acme Tenant 0281,Starter,EU,15,117.0,2024-03-29,0,none,-1
A0282,Acme Tenant 0282,Pro,EU,9,119.0,2024-02-14,1,price,12
A0283,Acme Tenant 0283,Starter,NA,79,585.0,2023-09-25,1,competitor,40
A0284,Acme Tenant 0284,Pro,NA,60,1428.0,2023-06-08,1,competitor,115
A0285,Acme Tenant 0285,Pro,EU,2,119.0,2023-06-14,0,none,-1
A0286,Acme Tenant 0286,Enterprise,EU,107,10479.0,2024-02-09,0,none,-1
A0287,Acme Tenant 0287,Starter,NA,67,507.0,2023-08-16,0,none,-1
A0288,Acme Tenant 0288,Pro,APAC,6,119.0,2023-11-18,1,competitor,69
A0289,Acme Tenant 0289,Starter,APAC,72,546.0,2023-01-05,1,low_usage,75
A0290,Acme Tenant 0290,Pro,NA,57,1309.0,2023-10-01,0,none,-1
A0291,Acme Tenant 0291,Pro,NA,56,1309.0,2023-09-28,1,low_usage,18
A0292,Acme Tenant 0292,Pro,NA,69,1547.0,2024-01-17,0,none,-1
A0293,Acme Tenant 0293,Enterprise,APAC,192,18962.0,2023-09-02,0,none,-1
A0294,Acme Tenant 0294,Starter,NA,68,507.0,2023-01-01,1,competitor,79
A0295,Acme Tenant 0295,Pro,NA,75,1785.0,2023-01-25,1,none,48
A0296,Acme Tenant 0296,Starter,NA,13,78.0,2024-01-21,0,none,-1
A0297,Acme Tenant 0297,Pro,APAC,9,119.0,2023-12-12,0,none,-1
A0298,Acme Tenant 0298,Starter,NA,29,195.0,2023-04-14,0,none,-1
A0299,Acme Tenant 0299,Starter,NA,73,546.0,2023-05-27,0,none,-1
A0300,Acme Tenant 0300,Starter,NA,4,39.0,2024-03-29,0,none,-1
A0301,Acme Tenant 0301,Starter,EU,59,429.0,2024-02-23,0,none,-1
A0302,Acme Tenant 0302,Pro,APAC,72,1666.0,2024-04-27,0,none,-1
A0303,Acme Tenant 0303,Starter,EU,15,117.0,2023-10-23,1,support,41
A0304,Acme Tenant 0304,Starter,NA,49,351.0,2023-06-22,1,price,66
A0305,Acme Tenant 0305,Enterprise,NA,-2,5489.0,2023-07-17,0,none,-1
A0306,Acme Tenant 0306,Pro,EU,8,119.0,2023-09-11,1,competitor,78
A0307,Acme Tenant 0307,Pro,EU,56,1309.0,2023-09-04,1,competitor,104
A0308,Acme Tenant 0308,Pro,EU,1,119.0,2023-01-23,1,low_usage,54
A0309,Acme Tenant 0309,Pro,EU,64,1428.0,2023-10-31,0,none,-1
A0310,Acme Tenant 0310,Starter,NA,6,39.0,2024-03-17,1,low_usage,83
A0311,Acme Tenant 0311,Pro,NA,20,476.0,2023-05-04,1,price,92
A0312,Acme Tenant 0312,Starter,EU,27,195.0,2023-01-20,0,none,-1
A0313,Acme Tenant 0313,Enterprise,APAC,197,19461.0,2023-05-04,0,none,-1
A0314,Acme Tenant 0314,Starter,APAC,33,234.0,2024-02-23,1,price,95
A0315,Acme Tenant 0315,Pro,NA,34,714.0,2024-02-26,0,none,-1
A0316,Acme Tenant 0316,Starter,NA,48,351.0,2024-02-20,1,support,78
A0317,Acme Tenant 0317,Pro,NA,54,1190.0,2023-04-05,0,none,-1
A0318,Acme Tenant 0318,Pro,NA,71,1666.0,2024-02-13,0,none,-1
A0319,Acme Tenant 0319,Pro,EU,5,119.0,2023-04-13,1,competitor,51
A0320,Acme Tenant 0320,Pro,APAC,49,1071.0,2023-04-01,0,none,-1
A0321,Acme Tenant 0321,Starter,NA,11,78.0,2023-07-19,1,support,25
A0322,Acme Tenant 0322,Pro,EU,33,714.0,2023-12-24,1,price,49
A0323,Acme Tenant 0323,Starter,APAC,16,117.0,2023-08-25,1,none,79
A0324,Acme Tenant 0324,Pro,APAC,74,1666.0,2024-01-19,0,none,-1
A0325,Acme Tenant 0325,Enterprise,NA,5,499.0,2023-06-03,1,support,56
A0326,Acme Tenant 0326,Pro,EU,21,476.0,2023-06-07,1,low_usage,19
A0327,Acme Tenant 0327,Pro,APAC,54,1190.0,2024-01-18,1,price,107
A0328,Acme Tenant 0328,Starter,NA,63,468.0,2023-01-28,1,price,38
A0329,Acme Tenant 0329,Pro,EU,58,1309.0,2023-09-05,0,none,-1
A0330,Acme Tenant 0330,Starter,APAC,49,351.0,2023-12-22,0,none,-1
A0331,Acme Tenant 0331,Starter,EU,12,78.0,2023-10-24,0,none,-1
A0332,Acme Tenant 0332,Starter,NA,35,273.0,2023-11-16,1,competitor,116
A0333,Acme Tenant 0333,Starter,NA,47,351.0,2024-01-13,1,competitor,92
A0334,Acme Tenant 0334,Starter,EU,2,39.0,2024-04-17,1,none,44
A0335,Acme Tenant 0335,Starter,NA,58,429.0,2023-08-21,1,none,74
A0336,Acme Tenant 0336,Starter,EU,62,468.0,2024-01-14,1,price,65
A0337,Acme Tenant 0337,Starter,APAC,79,585.0,2023-01-02,1,support,39
A0338,Acme Tenant 0338,Pro,NA,49,1071.0,2023-09-23,1,competitor,84
A0339,Acme Tenant 0339,Pro,NA,71,1666.0,2024-04-02,1,price,92
A0340,Acme Tenant 0340,Enterprise,EU,156,15469.0,2023-02-17,0,none,-1
A0341,Acme Tenant 0341,Starter,NA,31,234.0,2023-12-01,0,none,-1
A0342,Acme Tenant 0342,Starter,NA,66,507.0,2023-03-31,0,none,-1
A0343,Acme Tenant 0343,Starter,EU,77,585.0,2023-05-14,1,none,37
A0344,Acme Tenant 0344,Pro,NA,79,1785.0,2024-01-26,0,none,-1
A0345,Acme Tenant 0345,Starter,EU,69,507.0,2024-03-31,1,none,95
A0346,Acme Tenant 0346,Pro,EU,49,1071.0,2023-01-20,0,none,-1
A0347,Acme Tenant 0347,Pro,NA,44,952.0,2023-06-22,1,low_usage,34
A0348,Acme Tenant 0348,Enterprise,APAC,149,14471.0,2023-12-29,1,support,108
A0349,Acme Tenant 0349,Starter,EU,52,390.0,2023-05-04,0,none,-1
A0350,Acme Tenant 0350,Starter,EU,13,78.0,2023-05-05,0,none,-1
A0351,Acme Tenant 0351,Starter,EU,38,273.0,2023-03-17,1,competitor,68
A0352,Acme Tenant 0352,Enterprise,NA,133,12974.0,2023-04-13,0,none,-1
A0353,Acme Tenant 0353,Starter,APAC,32,234.0,2023-12-24,1,none,82
A0354,Acme Tenant 0354,Starter,NA,50,390.0,2023-09-14,1,competitor,76
A0355,Acme Tenant 0355,Starter,APAC,34,234.0,2024-01-05,1,none,30
A0356,Acme Tenant 0356,Starter,EU,62,468.0,2023-03-06,1,support,78
A0357,Acme Tenant 0357,Pro,NA,11,238.0,2023-02-03,1,competitor,103
A0358,Acme Tenant 0358,Pro,NA,18,357.0,2024-04-22,1,support,95
A0359,Acme Tenant 0359,Pro,NA,75,1785.0,2023-01-23,0,none,-1
A0360,Acme Tenant 0360,Starter,EU,30,234.0,2023-10-25,1,support,65
A0361,Acme Tenant 0361,Pro,EU,46,1071.0,2023-11-07,0,none,-1
A0362,Acme Tenant 0362,Starter,APAC,14,78.0,2023-02-11,0,none,-1
A0363,Acme Tenant 0363,Pro,NA,71,1666.0,2023-10-05,0,none,-1
A0364,Acme Tenant 0364,Starter,NA,51,390.0,2023-06-14,1,competitor,30
A0365,Acme Tenant 0365,Starter,NA,65,507.0,2023-03-22,1,competitor,74
A0366,Acme Tenant 0366,Pro,APAC,11,238.0,2024-03-16,1,none,18
A0367,Acme Tenant 0367,Starter,NA,15,117.0,2023-04-05,0,none,-1
A0368,Acme Tenant 0368,Pro,EU,46,1071.0,2023-09-17,0,none,-1
A0369,Acme Tenant 0369,Pro,EU,65,1547.0,2023-05-28,1,support,89
A0370,Acme Tenant 0370,Pro,NA,70,1666.0,2023-01-02,0,none,-1
A0371,Acme Tenant 0371,Enterprise,APAC,151,14970.0,2023-12-29,0,none,-1
A0372,Acme Tenant 0372,Pro,APAC,15,357.0,2024-03-06,0,none,-1
A0373,Acme Tenant 0373,Pro,NA,35,833.0,2023-01-02,0,none,-1
A0374,Acme Tenant 0374,Pro,NA,2,119.0,2023-11-28,0,none,-1
A0375,Acme Tenant 0375,Pro,EU,79,1785.0,2023-06-05,1,low_usage,115
A0376,Acme Tenant 0376,Starter,NA,78,585.0,2023-11-11,1,support,111
A0377,Acme Tenant 0377,Starter,APAC,63,468.0,2024-01-24,0,none,-1
A0378,Acme Tenant 0378,Starter,NA,34,234.0,2023-09-15,1,competitor,68
A0379,Acme Tenant 0379,Pro,APAC,67,1547.0,2024-04-02,1,support,10
A0380,Acme Tenant 0380,Starter,NA,51,390.0,2023-08-12,1,price,26
A0381,Acme Tenant 0381,Pro,NA,34,714.0,2023-04-13,0,none,-1
A0382,Acme Tenant 0382,Pro,EU,39,833.0,2023-02-04,1,none,101
A0383,Acme Tenant 0383,Enterprise,APAC,44,3992.0,2024-01-29,0,none,-1
A0384,Acme Tenant 0384,Starter,APAC,15,117.0,2023-03-15,1,none,51
A0385,Acme Tenant 0385,Pro,NA,44,952.0,2023-08-06,1,competitor,88
A0386,Acme Tenant 0386,Pro,NA,24,476.0,2024-05-08,0,none,-1
A0387,Acme Tenant 0387,Starter,NA,9,39.0,2024-04-09,1,low_usage,112
A0388,Acme Tenant 0388,Pro,NA,35,833.0,2024-04-17,1,price,17
A0389,Acme Tenant 0389,Starter,EU,57,429.0,2023-01-06,0,none,-1
A0390,Acme Tenant 0390,Enterprise,EU,54,4990.0,2023-05-01,1,competitor,20
A0391,Acme Tenant 0391,Pro,APAC,48,1071.0,2023-03-09,0,none,-1
A0392,Acme Tenant 0392,Starter,EU,39,273.0,2023-04-19,1,none,15
A0393,Acme Tenant 0393,Pro,APAC,5,119.0,2023-11-07,0,none,-1
A0394,Acme Tenant 0394,Pro,NA,79,1785.0,2023-04-29,1,support,106
A0395,Acme Tenant 0395,Enterprise,APAC,192,18962.0,2024-01-19,1,none,88
A0396,Acme Tenant 0396,Starter,APAC,24,156.0,2023-06-04,1,low_usage,56
A0397,Acme Tenant 0397,Starter,NA,2,39.0,2023-04-20,1,none,89
A0398,Acme Tenant 0398,Starter,APAC,54,390.0,2024-04-21,0,none,-1
A0399,Acme Tenant 0399,Enterprise,APAC,163,15968.0,2023-03-09,0,none,-1
A0400,Acme Tenant 0400,Starter,NA,57,429.0,2024-02-13,0,none,-1
A0401,Acme Tenant 0401,Starter,EU,29,195.0,2024-05-04,1,low_usage,77
A0402,Acme Tenant 0402,Starter,APAC,49,351.0,2023-08-01,1,support,38
A0403,Acme Tenant 0403,Enterprise,APAC,239,23453.0,2023-12-12,0,none,-1
A0404,Acme Tenant 0404,Pro,APAC,29,595.0,2023-07-01,0,none,-1
A0405,Acme Tenant 0405,Starter,NA,79,585.0,2023-09-16,1,competitor,70
A0406,Acme Tenant 0406,Pro,NA,75,1785.0,2023-08-03,0,none,-1
A0407,Acme Tenant 0407,Starter,NA,49,351.0,2024-03-19,1,price,44
A0408,Acme Tenant 0408,Starter,EU,12,78.0,2024-01-26,1,low_usage,73
A0409,Acme Tenant 0409,Starter,APAC,45,351.0,2023-03-23,1,support,25
A0410,Acme Tenant 0410,Starter,APAC,64,468.0,2023-10-21,0,none,-1
A0411,Acme Tenant 0411,Starter,APAC,52,390.0,2023-12-22,1,support,32
A0412,Acme Tenant 0412,Pro,NA,46,1071.0,2023-12-07,0,none,-1
A0413,Acme Tenant 0413,Pro,NA,77,1785.0,2023-03-03,0,none,-1
A0414,Acme Tenant 0414,Starter,NA,75,585.0,2023-07-17,0,none,-1
A0415,Acme Tenant 0415,Pro,EU,41,952.0,2023-02-06,0,none,-1
A0416,Acme Tenant 0416,Pro,APAC,23,476.0,2023-12-02,1,none,11
A0417,Acme Tenant 0417,Enterprise,NA,91,8982.0,2023-11-25,1,support,60
A0418,Acme Tenant 0418,Starter,EU,7,39.0,2023-06-14,1,support,107
A0419,Acme Tenant 0419,Starter,NA,35,273.0,2023-11-06,1,support,53
A0420,Acme Tenant 0420,Starter,EU,25,195.0,2023-12-18,0,none,-1
A0421,Acme Tenant 0421,Pro,NA,16,357.0,2023-08-11,0,none,-1
A0422,Acme Tenant 0422,Pro,NA,47,1071.0,2023-12-15,1,low_usage,65
A0423,Acme Tenant 0423,Starter,APAC,13,78.0,2023-04-18,0,none,-1
A0424,Acme Tenant 0424,Pro,NA,14,238.0,2023-12-04,1,none,91
A0425,Acme Tenant 0425,Pro,NA,34,714.0,2023-11-15,0,none,-1
A0426,Acme Tenant 0426,Pro,EU,72,1666.0,2023-01-03,0,none,-1
A0427,Acme Tenant 0427,Starter,EU,18,117.0,2023-06-26,0,none,-1
A0428,Acme Tenant 0428,Enterprise,APAC,195,19461.0,2023-02-21,0,none,-1
A0429,Acme Tenant 0429,Pro,NA,24,476.0,2023-04-27,1,none,63
A0430,Acme Tenant 0430,Starter,NA,55,429.0,2024-02-26,1,support,29
A0431,Acme Tenant 0431,Starter,NA,70,546.0,2023-10-05,0,none,-1
A0432,Acme Tenant 0432,Pro,NA,66,1547.0,2023-06-18,1,low_usage,110
A0433,Acme Tenant 0433,Enterprise,EU,201,19960.0,2024-02-28,0,none,-1
A0434,Acme Tenant 0434,Starter,NA,48,351.0,2023-04-22,1,support,46
A0435,Acme Tenant 0435,Starter,NA,40,312.0,2023-06-01,1,low_usage,22
A0436,Acme Tenant 0436,Starter,NA,49,351.0,2024-03-01,1,low_usage,106
A0437,Acme Tenant 0437,Starter,NA,15,117.0,2023-05-06,1,low_usage,99
A0438,Acme Tenant 0438,Starter,NA,62,468.0,2023-08-21,1,competitor,99
A0439,Acme Tenant 0439,Starter,EU,61,468.0,2023-02-22,1,price,100
A0440,Acme Tenant 0440,Pro,EU,57,1309.0,2023-09-29,0,none,-1
A0441,Acme Tenant 0441,Pro,NA,59,1309.0,2024-03-03,0,none,-1
A0442,Acme Tenant 0442,Pro,EU,7,119.0,2023-09-18,0,none,-1
A0443,Acme Tenant 0443,Pro,NA,20,476.0,2024-02-04,1,none,94
A0444,Acme Tenant 0444,Starter,NA,19,117.0,2023-01-30,1,price,88
A0445,Acme Tenant 0445,Starter,EU,5,39.0,2024-01-27,1,price,22
A0446,Acme Tenant 0446,Starter,NA,76,585.0,2024-03-07,0,none,-1
A0447,Acme Tenant 0447,Starter,EU,25,195.0,2023-06-25,1,support,95
A0448,Acme Tenant 0448,Starter,NA,74,546.0,2024-05-07,0,none,-1
A0449,Acme Tenant 0449,Enterprise,EU,122,11976.0,2023-08-11,0,none,-1
A0450,Acme Tenant 0450,Enterprise,APAC,246,24451.0,2023-10-15,0,none,-1
A0451,Acme Tenant 0451,Starter,NA,1,39.0,2024-04-11,1,price,20
A0452,Acme Tenant 0452,Starter,EU,28,195.0,2023-09-11,1,support,80
A0453,Acme Tenant 0453,Starter,EU,12,78.0,2024-04-08,1,support,78
A0454,Acme Tenant 0454,Starter,NA,33,234.0,2023-05-17,1,none,10
A0455,Acme Tenant 0455,Starter,EU,26,195.0,2023-06-05,1,support,15
A0456,Acme Tenant 0456,Starter,NA,5,39.0,2023-08-29,1,support,42
A0457,Acme Tenant 0457,Starter,APAC,16,117.0,2023-12-06,0,none,-1
A0458,Acme Tenant 0458,Proo,APAC,73,546.0,2024-02-12,1,none,36
A0459,Acme Tenant 0459,Starter,NA,76,585.0,2023-06-13,1,low_usage,62
A0460,Acme Tenant 0460,Proo,EU,16,357.0,2023-12-06,0,none,-1
A0461,Acme Tenant 0461,Starter,NA,14,78.0,2023-09-19,0,none,-1
A0462,Acme Tenant 0462,Pro,EU,54,1190.0,2024-01-14,1,none,39
A0463,Acme Tenant 0463,Pro,NA,14,238.0,2023-01-22,1,none,27
A0464,Acme Tenant 0464,Pro,EU,6,119.0,2023-07-09,0,none,-1
A0465,Acme Tenant 0465,Pro,NA,75,1785.0,2023-05-26,1,support,112
A0466,Acme Tenant 0466,Starter,APAC,13,78.0,2023-05-07,0,none,-1
A0467,Acme Tenant 0467,Pro,NA,41,952.0,2023-01-30,1,price,72
A0468,Acme Tenant 0468,Starter,NA,22,156.0,2023-08-20,0,none,-1
A0469,Acme Tenant 0469,Pro,APAC,43,952.0,2024-02-17,1,price,71
A0470,Acme Tenant 0470,Enterprise,NA,14,998.0,2023-12-07,1,support,10
A0471,Acme Tenant 0471,Starter,NA,59,429.0,2024-02-08,1,none,6
A0472,Acme Tenant 0472,Starter,NA,7,39.0,2023-10-05,1,low_usage,58
A0473,Acme Tenant 0473,Starter,EU,50,390.0,2023-08-26,0,none,-1
A0474,Acme Tenant 0474,Pro,NA,19,357.0,2024-02-28,0,none,-1
A0475,Acme Tenant 0475,Starter,APAC,29,195.0,2024-05-13,1,competitor,96
A0476,Acme Tenant 0476,Enterprise,NA,153,14970.0,2024-02-18,1,price,40
A0477,Acme Tenant 0477,Pro,NA,79,1785.0,2023-07-27,0,none,-1
A0478,Acme Tenant 0478,Pro,NA,19,357.0,2023-01-12,0,none,-1
A0479,Acme Tenant 0479,Starter,EU,63,468.0,2023-04-15,1,none,96
A0480,Acme Tenant 0480,Starter,NA,58,429.0,2023-11-22,0,none,-1
A0481,Acme Tenant 0481,Starter,APAC,4,39.0,2023-07-19,1,price,34
A0482,Acme Tenant 0482,Starter,APAC,52,390.0,2023-12-20,1,price,39
A0483,Acme Tenant 0483,Pro,EU,76,1785.0,2023-07-21,1,none,84
A0484,Acme Tenant 0484,Pro,EU,35,833.0,2023-12-20,0,none,-1
A0485,Acme Tenant 0485,Enterprise,APAC,81,7984.0,2023-10-04,0,none,-1
A0486,Acme Tenant 0486,Pro,EU,44,952.0,2023-10-31,0,none,-1
A0487,Acme Tenant 0487,Starter,NA,62,468.0,2024-01-20,0,none,-1
A0488,Acme Tenant 0488,Starter,NA,53,390.0,2023-03-22,1,support,117
A0489,Acme Tenant 0489,Starter,APAC,11,78.0,2024-02-03,1,none,47
A0490,Acme Tenant 0490,Starter,EU,1,39.0,2024-03-29,1,price,42
A0491,Acme Tenant 0491,Starter,NA,12,78.0,2023-01-14,1,support,27
A0492,Acme Tenant 0492,Starter,APAC,24,156.0,2023-04-16,1,price,94
A0493,Acme Tenant 0493,Pro,EU,12,238.0,2023-07-08,0,none,-1
A0494,Acme Tenant 0494,Starter,NA,58,429.0,2023-07-19,1,price,44
A0495,Acme Tenant 0495,Pro,NA,27,595.0,2023-04-12,1,competitor,106
A0496,Acme Tenant 0496,Pro,NA,27,595.0,2024-03-08,1,price,24
A0497,Acme Tenant 0497,Pro,EU,57,1309.0,2023-03-24,0,none,-1
A0498,Acme Tenant 0498,Pro,EU,51,1190.0,2023-05-07,0,none,-1
A0499,Acme Tenant 0499,Starter,NA,41,312.0,2023-06-20,0,none,-1
A0500,Acme Tenant 0500,Starter,NA,67,507.0,2023-04-01,0,none,-1
A0501,Acme Tenant 0501,Starter,NA,16,117.0,2023-06-01,1,support,119
A0502,Acme Tenant 0502,Pro,NA,31,714.0,2023-10-27,1,none,45
A0503,Acme Tenant 0503,Pro,EU,37,833.0,2024-03-01,0,none,-1
A0504,Acme Tenant 0504,Starter,EU,69,507.0,2023-10-03,1,competitor,32
A0505,Acme Tenant 0505,Starter,NA,25,195.0,2023-09-07,1,support,99
A0506,Acme Tenant 0506,Enterprise,NA,94,8982.0,2023-02-04,0,none,-1
A0507,Acme Tenant 0507,Starter,APAC,46,351.0,2023-03-20,1,none,73
A0508,Acme Tenant 0508,Pro,APAC,25,595.0,2024-01-17,0,none,-1
A0509,Acme Tenant 0509,Enterprise,NA,168,16467.0,2023-08-22,0,none,-1
A0510,Acme Tenant 0510,Starter,APAC,6,39.0,2023-11-06,1,price,89
A0511,Acme Tenant 0511,Pro,NA,30,714.0,2023-12-16,1,price,87
A0512,Acme Tenant 0512,Enterprise,NA,91,8982.0,2023-06-25,0,none,-1
A0513,Acme Tenant 0513,Pro,NA,1,119.0,2024-04-25,0,none,-1
A0514,Acme Tenant 0514,Starter,EU,52,390.0,2023-08-29,1,price,61
A0515,Acme Tenant 0515,Starter,EU,61,468.0,2023-02-21,0,none,-1
A0516,Acme Tenant 0516,Starter,APAC,41,312.0,2023-01-03,0,none,-1
A0517,Acme Tenant 0517,Pro,EU,39,833.0,2023-01-25,0,none,-1
A0518,Acme Tenant 0518,Pro,EU,26,595.0,2024-04-11,1,price,77
A0519,Acme Tenant 0519,Starter,NA,8,39.0,2024-03-17,0,none,-1
A0520,Acme Tenant 0520,Enterprise,EU,131,12974.0,2023-11-11,0,none,-1
A0521,Acme Tenant 0521,Pro,NA,43,952.0,2024-03-03,1,none,42
A0522,Acme Tenant 0522,Starter,APAC,20,156.0,2023-07-10,1,low_usage,96
A0523,Acme Tenant 0523,Enterprise,APAC,133,12974.0,2024-02-20,0,none,-1
A0524,Acme Tenant 0524,Pro,NA,28,595.0,2023-07-21,0,none,-1
A0525,Acme Tenant 0525,Pro,NA,1,119.0,2023-08-20,0,none,-1
A0526,Acme Tenant 0526,Pro,EU,47,1071.0,2024-02-09,0,none,-1
A0527,Acme Tenant 0527,Pro,NA,9,119.0,2024-05-05,0,none,-1
A0528,Acme Tenant 0528,Starter,NA,3,39.0,2023-12-17,1,competitor,43
A0529,Acme Tenant 0529,Starter,NA,37,273.0,2023-01-01,1,low_usage,42
A0530,Acme Tenant 0530,Enterprise,APAC,223,21956.0,2023-11-10,0,none,-1
A0531,Acme Tenant 0531,Enterprise,NA,167,16467.0,2024-03-18,0,none,-1
A0532,Acme Tenant 0532,Starter,NA,16,117.0,2023-05-23,1,competitor,72
A0533,Acme Tenant 0533,Pro,APAC,12,238.0,2024-01-14,1,low_usage,29
A0534,Acme Tenant 0534,Pro,NA,43,952.0,2024-02-05,1,competitor,72
A0535,Acme Tenant 0535,Starter,APAC,42,312.0,2023-02-19,0,none,-1
A0536,Acme Tenant 0536,Pro,NA,11,238.0,2023-09-04,1,price,52
A0537,Acme Tenant 0537,Pro,NA,9,119.0,2023-11-20,1,support,10
A0538,Acme Tenant 0538,Starter,NA,26,195.0,2023-12-02,0,none,-1
A0539,Acme Tenant 0539,Starter,NA,41,312.0,2023-09-09,1,none,77
A0540,Acme Tenant 0540,Pro,APAC,75,1785.0,2023-07-08,1,support,68
A0541,Acme Tenant 0541,Starter,APAC,5,39.0,2023-05-19,1,support,60
A0542,Acme Tenant 0542,Starter,NA,14,78.0,2023-05-06,0,none,-1
A0543,Acme Tenant 0543,Enterprise,NA,14,998.0,2024-05-07,1,price,45
A0544,Acme Tenant 0544,Starter,NA,36,273.0,2023-10-09,0,none,-1
A0545,Acme Tenant 0545,Pro,NA,28,595.0,2024-02-12,1,support,59
A0546,Acme Tenant 0546,Pro,EU,40,952.0,2023-06-08,0,none,-1
A0547,Acme Tenant 0547,Starter,EU,5,39.0,2023-07-10,1,competitor,72
A0548,Acme Tenant 0548,Starter,NA,12,78.0,2024-04-26,0,none,-1
A0549,Acme Tenant 0549,Pro,NA,31,714.0,2023-04-13,0,none,-1
A0550,Acme Tenant 0550,Starter,APAC,35,273.0,2023-09-13,1,price,100
A0551,Acme Tenant 0551,Pro,APAC,4,119.0,2023-09-05,1,support,36
A0552,Acme Tenant 0552,Starter,EU,70,546.0,2023-02-25,1,none,86
A0553,Acme Tenant 0553,Pro,NA,49,1071.0,2023-11-08,1,price,80
A0554,Acme Tenant 0554,Enterprise,EU,29,2495.0,2023-04-06,0,none,-1
A0555,Acme Tenant 0555,Pro,EU,49,1071.0,2023-04-10,0,none,-1
A0556,Acme Tenant 0556,Pro,NA,34,714.0,2023-12-25,0,none,-1
A0557,Acme Tenant 0557,Starter,NA,6,39.0,2024-03-10,1,none,78
A0558,Acme Tenant 0558,Pro,NA,69,1547.0,2023-12-30,0,none,-1
A0559,Acme Tenant 0559,Pro,APAC,38,833.0,2023-01-27,0,none,-1
A0560,Acme Tenant 0560,Starter,NA,12,78.0,2023-10-01,0,none,-1
A0561,Acme Tenant 0561,Enterprise,APAC,10,998.0,2023-01-21,0,none,-1
A0562,Acme Tenant 0562,Starter,APAC,57,429.0,2023-04-25,0,none,-1
A0563,Acme Tenant 0563,Starter,NA,6,39.0,2024-01-20,0,none,-1
A0564,Acme Tenant 0564,Starter,EU,67,507.0,2024-01-25,0,none,-1
A0565,Acme Tenant 0565,Starter,NA,27,195.0,2024-05-09,1,price,21
A0566,Acme Tenant 0566,Starter,NA,1,39.0,2024-01-04,1,price,52
A0567,Acme Tenant 0567,Starter,NA,20,156.0,2023-05-10,0,none,-1
A0568,Acme Tenant 0568,Pro,APAC,60,1428.0,2023-08-31,1,price,49
A0569,Acme Tenant 0569,Pro,NA,12,238.0,2024-01-18,1,competitor,62
A0570,Acme Tenant 0570,Enterprise,EU,86,8483.0,2023-10-29,0,none,-1
A0571,Acme Tenant 0571,Starter,NA,6,39.0,2023-12-17,1,support,74
A0572,Acme Tenant 0572,Starter,APAC,14,78.0,2023-02-25,0,none,-1
A0573,Acme Tenant 0573,Pro,NA,61,1428.0,2023-06-12,0,none,-1
A0574,Acme Tenant 0574,Pro,EU,42,952.0,2024-04-18,0,none,-1
A0575,Acme Tenant 0575,Starter,APAC,2,39.0,2023-12-09,0,none,-1
A0576,Acme Tenant 0576,Pro,NA,33,714.0,2023-12-18,1,none,42
A0577,Acme Tenant 0577,Starter,APAC,4,39.0,2023-07-18,1,competitor,44
A0578,Acme Tenant 0578,Pro,EU,75,1785.0,2023-10-11,0,none,-1
A0579,Acme Tenant 0579,Pro,NA,22,476.0,2023-07-06,1,low_usage,15
A0580,Acme Tenant 0580,Starter,EU,57,429.0,2023-07-25,1,price,56
A0581,Acme Tenant 0581,Starter,NA,12,78.0,2024-05-11,1,price,6
A0582,Acme Tenant 0582,Pro,NA,66,1547.0,2024-02-07,1,price,24
A0583,Acme Tenant 0583,Pro,NA,67,1547.0,2024-01-14,1,price,102
A0584,Acme Tenant 0584,Starter,EU,32,234.0,2023-05-25,1,low_usage,45
A0585,Acme Tenant 0585,Starter,NA,55,429.0,2023-02-20,1,low_usage,103
A0586,Acme Tenant 0586,Enterprise,NA,112,10978.0,2023-08-12,1,none,80
A0587,Acme Tenant 0587,Starter,APAC,73,546.0,2023-11-22,1,competitor,59
A0588,Acme Tenant 0588,Starter,APAC,75,585.0,2024-01-31,1,low_usage,74
A0589,Acme Tenant 0589,Enterprise,APAC,247,24451.0,2024-01-12,0,none,-1
A0590,Acme Tenant 0590,Starter,NA,16,117.0,2023-05-31,0,none,-1
A0591,Acme Tenant 0591,Starter,EU,62,468.0,2023-09-08,1,price,47
A0592,Acme Tenant 0592,Pro,EU,15,357.0,2023-04-03,0,none,-1
A0593,Acme Tenant 0593,Starter,NA,5,39.0,2023-01-27,1,low_usage,43
A0594,Acme Tenant 0594,Starter,APAC,52,390.0,2023-11-05,1,competitor,98
A0595,Acme Tenant 0595,Pro,APAC,54,1190.0,2024-03-16,0,none,-1
A0596,Acme Tenant 0596,Pro,NA,1,119.0,2024-05-05,1,price,93
A0597,Acme Tenant 0597,Pro,APAC,3,119.0,2023-02-20,0,none,-1
A0598,Acme Tenant 0598,Enterprise,EU,29,2495.0,2024-03-19,0,none,-1
A0599,Acme Tenant 0599,Pro,EU,33,714.0,2023-06-20,1,low_usage,59
A0600,Acme Tenant 0600,Pro,NA,48,1071.0,2023-12-23,0,none,-1
A0601,Acme Tenant 0601,Enterprise,NA,132,12974.0,2024-01-18,0,none,-1
A0602,Acme Tenant 0602,Starter,NA,28,195.0,2023-05-19,1,price,92
A0603,Acme Tenant 0603,Pro,NA,17,357.0,2023-07-09,0,none,-1
A0604,Acme Tenant 0604,Pro,APAC,52,1190.0,2024-01-15,1,support,87
A0605,Acme Tenant 0605,Pro,NA,47,1071.0,2024-05-04,1,price,76
A0606,Acme Tenant 0606,Pro,EU,39,833.0,2023-10-17,0,none,-1
A0607,Acme Tenant 0607,Pro,NA,18,357.0,2023-11-06,1,low_usage,115
A0608,Acme Tenant 0608,Enterprise,EU,127,12475.0,2023-08-30,0,none,-1
A0609,Acme Tenant 0609,Pro,EU,41,952.0,2024-03-15,0,none,-1
A0610,Acme Tenant 0610,Enterprise,NA,138,13473.0,2024-01-06,1,low_usage,87
A0611,Acme Tenant 0611,Starter,EU,13,78.0,2023-04-28,0,none,-1
A0612,Acme Tenant 0612,Pro,APAC,23,476.0,2023-09-08,1,competitor,42
A0613,Acme Tenant 0613,Pro,APAC,35,833.0,2023-02-11,1,price,116
A0614,Acme Tenant 0614,Pro,APAC,50,1190.0,2023-08-25,0,none,-1
A0615,Acme Tenant 0615,Starter,NA,21,156.0,2023-01-24,1,competitor,94
A0616,Acme Tenant 0616,Enterprise,NA,88,8483.0,2023-12-25,1,low_usage,55
A0617,Acme Tenant 0617,Starter,APAC,32,234.0,2023-02-17,1,low_usage,39
A0618,Acme Tenant 0618,Pro,NA,60,1428.0,2023-01-08,0,none,-1
A0619,Acme Tenant 0619,Enterprise,EU,160,15968.0,2024-03-04,0,none,-1
A0620,Acme Tenant 0620,Pro,NA,34,714.0,2023-01-04,1,price,111
A0621,Acme Tenant 0621,Pro,APAC,60,1428.0,2024-04-27,1,none,91
A0622,Acme Tenant 0622,Starter,EU,56,429.0,2023-10-31,0,none,-1
A0623,Acme Tenant 0623,Pro,EU,58,1309.0,2024-01-25,0,none,-1
A0624,Acme Tenant 0624,Starter,EU,22,156.0,2023-04-26,1,none,70
A0625,Acme Tenant 0625,Starter,EU,53,390.0,2023-10-04,1,price,74
A0626,Acme Tenant 0626,Starter,APAC,23,156.0,2023-04-11,1,none,79
A0627,Acme Tenant 0627,Starter,EU,61,468.0,2023-09-02,0,none,-1
A0628,Acme Tenant 0628,Starter,APAC,75,585.0,2023-12-23,1,competitor,30
A0629,Acme Tenant 0629,Pro,NA,6,119.0,2023-05-30,1,low_usage,119
A0630,Acme Tenant 0630,Starter,NA,25,195.0,2024-03-18,0,none,-1
A0631,Acme Tenant 0631,Starter,NA,25,195.0,2023-03-08,1,none,90
A0632,Acme Tenant 0632,Starter,EU,51,390.0,2023-04-25,1,low_usage,43
A0633,Acme Tenant 0633,Pro,EU,60,1428.0,2023-07-29,0,none,-1
A0634,Acme Tenant 0634,Pro,NA,31,714.0,2023-08-29,1,price,105
A0635,Acme Tenant 0635,Pro,NA,52,1190.0,2023-10-25,1,price,99
A0636,Acme Tenant 0636,Starter,NA,24,156.0,2023-03-11,0,none,-1
A0637,Acme Tenant 0637,Starter,EU,53,390.0,2023-01-20,0,none,-1
A0638,Acme Tenant 0638,Enterprise,NA,195,19461.0,2024-03-14,0,none,-1
A0639,Acme Tenant 0639,Starter,EU,14,78.0,2024-01-24,1,competitor,23
A0640,Acme Tenant 0640,Enterprise,NA,85,8483.0,2023-03-04,0,none,-1
A0641,Acme Tenant 0641,Starter,NA,19,117.0,2024-02-16,1,low_usage,106
A0642,Acme Tenant 0642,Starter,NA,37,273.0,2023-04-29,1,low_usage,33
A0643,Acme Tenant 0643,Pro,NA,3,119.0,2023-09-19,0,none,-1
A0644,Acme Tenant 0644,Pro,EU,8,119.0,2024-03-05,1,low_usage,81
A0645,Acme Tenant 0645,Starter,EU,62,468.0,2023-05-15,1,low_usage,88
A0646,Acme Tenant 0646,Starter,EU,70,546.0,2023-10-30,1,none,67
A0647,Acme Tenant 0647,Starter,APAC,51,390.0,2023-02-09,0,none,-1
A0648,Acme Tenant 0648,Starter,NA,53,390.0,2023-06-21,0,none,-1
A0649,Acme Tenant 0649,Starter,NA,16,117.0,2024-04-22,0,none,-1
A0650,Acme Tenant 0650,Pro,NA,13,238.0,2024-03-14,1,price,77
A0651,Acme Tenant 0651,Enterprise,NA,32,2994.0,2023-09-13,1,none,59
A0652,Acme Tenant 0652,Starter,EU,43,312.0,2024-05-10,0,none,-1
A0653,Acme Tenant 0653,Starter,APAC,12,78.0,2023-04-03,0,none,-1
A0654,Acme Tenant 0654,Pro,APAC,45,1071.0,2023-02-15,0,none,-1
A0655,Acme Tenant 0655,Pro,NA,21,476.0,2024-05-06,1,low_usage,51
A0656,Acme Tenant 0656,Starter,EU,29,195.0,2023-08-16,1,low_usage,40
A0657,Acme Tenant 0657,Enterprise,APAC,80,7984.0,2023-10-13,0,none,-1
A0658,Acme Tenant 0658,Pro,APAC,36,833.0,2023-08-11,0,none,-1
A0659,Acme Tenant 0659,Pro,EU,22,476.0,2023-10-10,0,none,-1
A0660,Acme Tenant 0660,Starter,APAC,76,585.0,2023-06-05,1,competitor,28
A0661,Acme Tenant 0661,Starter,APAC,23,156.0,2024-03-23,0,none,-1
A0662,Acme Tenant 0662,Pro,EU,23,476.0,2023-08-09,0,none,-1
A0663,Acme Tenant 0663,Pro,NA,8,119.0,2023-07-01,0,none,-1
A0664,Acme Tenant 0664,Pro,APAC,38,833.0,2024-02-18,0,none,-1
A0665,Acme Tenant 0665,Pro,NA,28,595.0,2023-08-12,1,price,93
A0666,Acme Tenant 0666,Starter,APAC,41,312.0,2023-04-21,1,support,98
A0667,Acme Tenant 0667,Starter,NA,24,156.0,2023-04-28,1,low_usage,25
A0668,Acme Tenant 0668,Pro,EU,61,1428.0,2023-12-22,1,none,42
A0669,Acme Tenant 0669,Proo,APAC,32,714.0,2023-03-22,0,none,-1
A0670,Acme Tenant 0670,Pro,NA,12,238.0,2023-03-09,0,none,-1
A0671,Acme Tenant 0671,Starter,EU,72,546.0,2023-03-20,0,none,-1
A0672,Acme Tenant 0672,Pro,NA,16,357.0,2023-04-28,0,none,-1
A0673,Acme Tenant 0673,Pro,EU,31,714.0,2023-04-22,1,competitor,40
A0674,Acme Tenant 0674,Starter,NA,60,468.0,2024-01-12,1,none,105
A0675,Acme Tenant 0675,Starter,NA,55,429.0,2023-10-27,0,none,-1
A0676,Acme Tenant 0676,Starter,NA,9,39.0,2023-07-21,1,none,39
A0677,Acme Tenant 0677,Starter,NA,28,195.0,2024-02-24,0,none,-1
A0678,Acme Tenant 0678,Enterprise,APAC,24,1996.0,2023-04-02,0,none,-1
A0679,Acme Tenant 0679,Pro,EU,62,1428.0,2023-04-08,0,none,-1
A0680,Acme Tenant 0680,Starter,NA,12,78.0,2023-02-04,1,competitor,36
A0681,Acme Tenant 0681,Enterprise,EU,76,7485.0,2024-01-05,0,none,-1
A0682,Acme Tenant 0682,Starter,EU,66,507.0,2023-04-24,1,none,86
A0683,Acme Tenant 0683,Pro,EU,69,1547.0,2024-04-20,0,none,-1
A0684,Acme Tenant 0684,Pro,NA,23,476.0,2023-05-26,0,none,-1
A0685,Acme Tenant 0685,Starter,EU,66,507.0,2023-03-12,0,none,-1
A0686,Acme Tenant 0686,Starter,EU,5,39.0,2023-01-04,1,low_usage,21
A0687,Acme Tenant 0687,Pro,APAC,29,595.0,2023-06-24,0,none,-1
A0688,Acme Tenant 0688,Starter,NA,8,39.0,2023-07-07,0,none,-1
A0689,Acme Tenant 0689,Pro,NA,43,952.0,2024-05-14,0,none,-1
A0690,Acme Tenant 0690,Pro,EU,16,357.0,2023-03-05,0,none,-1
A0691,Acme Tenant 0691,Pro,NA,28,595.0,2023-11-18,0,none,-1
A0692,Acme Tenant 0692,Pro,NA,66,1547.0,2023-08-12,1,support,23
A0693,Acme Tenant 0693,Pro,NA,12,238.0,2023-05-23,0,none,-1
A0694,Acme Tenant 0694,Pro,NA,72,1666.0,2023-12-12,1,price,49
A0695,Acme Tenant 0695,Starter,NA,66,507.0,2023-12-15,1,price,95
A0696,Acme Tenant 0696,Starter,APAC,79,585.0,2024-04-13,1,price,34
A0697,Acme Tenant 0697,Enterprise,NA,59,5489.0,2023-01-14,0,none,-1
A0698,Acme Tenant 0698,Starter,NA,22,156.0,2023-12-31,0,none,-1
A0699,Acme Tenant 0699,Starter,NA,15,117.0,2023-06-04,1,competitor,117
A0700,Acme Tenant 0700,Starter,EU,66,507.0,2023-10-08,1,support,7
A0701,Acme Tenant 0701,Enterprise,EU,134,12974.0,2023-04-19,0,none,-1
A0702,Acme Tenant 0702,Enterprise,EU,47,4491.0,2023-07-12,0,none,-1
A0703,Acme Tenant 0703,Starter,EU,52,390.0,2023-02-16,1,low_usage,92
A0704,Acme Tenant 0704,Pro,EU,37,833.0,2023-07-08,1,low_usage,36
A0705,Acme Tenant 0705,Starter,NA,19,117.0,2023-11-19,1,support,23
A0706,Acme Tenant 0706,Starter,APAC,77,585.0,2023-01-01,1,price,112
A0707,Acme Tenant 0707,Starter,NA,56,429.0,2023-11-10,1,none,103
A0708,Acme Tenant 0708,Starter,NA,18,117.0,2024-05-08,1,low_usage,85
A0709,Acme Tenant 0709,Pro,APAC,24,476.0,2024-02-13,1,support,8
A0710,Acme Tenant 0710,Pro,NA,25,595.0,2023-11-28,0,none,-1
A0711,Acme Tenant 0711,Enterprise,APAC,163,15968.0,2023-05-18,1,none,112
A0712,Acme Tenant 0712,Starter,NA,21,156.0,2024-03-23,0,none,-1
A0713,Acme Tenant 0713,Enterprise,EU,241,23952.0,2023-10-11,1,price,91
A0714,Acme Tenant 0714,Pro,NA,46,1071.0,2024-04-23,0,none,-1
A0715,Acme Tenant 0715,Pro,NA,27,595.0,2023-04-20,0,none,-1
A0716,Acme Tenant 0716,Pro,APAC,53,1190.0,2024-03-16,1,competitor,53
A0717,Acme Tenant 0717,Starter,NA,37,273.0,2023-05-30,1,none,21
A0718,Acme Tenant 0718,Starter,NA,5,39.0,2024-04-04,1,low_usage,36
A0719,Acme Tenant 0719,Enterprise,EU,184,17964.0,2023-05-21,1,none,55
A0720,Acme Tenant 0720,Starter,NA,34,234.0,2024-02-23,1,price,108
A0721,Acme Tenant 0721,Starter,EU,32,234.0,2024-01-16,1,low_usage,47
A0722,Acme Tenant 0722,Enterprise,NA,234,22954.0,2023-06-23,1,competitor,77
A0723,Acme Tenant 0723,Starter,EU,18,117.0,2023-06-21,1,support,88
A0724,Acme Tenant 0724,Enterprise,EU,198,19461.0,2024-03-28,0,none,-1
A0725,Acme Tenant 0725,Starter,NA,17,117.0,2023-10-23,1,none,42
A0726,Acme Tenant 0726,Starter,NA,48,351.0,2023-11-16,1,price,110
A0727,Acme Tenant 0727,Enterprise,NA,75,7485.0,2023-03-02,0,none,-1
A0728,Acme Tenant 0728,Pro,NA,79,1785.0,2023-07-15,1,support,59
A0729,Acme Tenant 0729,Starter,NA,76,585.0,2024-03-09,1,price,39
A0730,Acme Tenant 0730,Starter,EU,26,195.0,2023-04-12,1,price,10
A0731,Acme Tenant 0731,Starter,APAC,75,585.0,2023-05-11,1,competitor,41
A0732,Acme Tenant 0732,Pro,NA,17,357.0,2023-03-13,1,competitor,54
A0733,Acme Tenant 0733,Starter,EU,45,351.0,2024-03-01,1,price,82
A0734,Acme Tenant 0734,Pro,NA,52,1190.0,2023-06-24,1,low_usage,64
A0735,Acme Tenant 0735,Enterprise,NA,189,18463.0,2023-10-31,0,none,-1
A0736,Acme Tenant 0736,Starter,NA,69,507.0,2023-09-18,1,support,116
A0737,Acme Tenant 0737,Pro,NA,32,714.0,2024-04-04,0,none,-1
A0738,Acme Tenant 0738,Starter,EU,66,507.0,2023-07-18,1,low_usage,53
A0739,Acme Tenant 0739,Pro,NA,22,476.0,2023-03-06,1,support,39
A0740,Acme Tenant 0740,Starter,NA,27,195.0,2023-10-01,1,price,117
A0741,Acme Tenant 0741,Starter,EU,21,156.0,2023-08-18,0,none,-1
A0742,Acme Tenant 0742,Starter,APAC,6,39.0,2023-04-26,0,none,-1
A0743,Acme Tenant 0743,Enterprise,NA,66,6487.0,2023-11-17,1,support,21
A0744,Acme Tenant 0744,Starter,NA,78,585.0,2023-05-31,1,support,101
A0745,Acme Tenant 0745,Starter,EU,74,546.0,2023-11-17,1,none,36
A0746,Acme Tenant 0746,Starter,EU,63,468.0,2024-05-10,1,support,17
A0747,Acme Tenant 0747,Starter,APAC,27,195.0,2023-01-25,1,support,119
A0748,Acme Tenant 0748,Starter,NA,68,507.0,2024-04-18,1,support,54
A0749,Acme Tenant 0749,Pro,EU,38,833.0,2024-03-23,0,none,-1
A0750,Acme Tenant 0750,Pro,NA,10,238.0,2024-04-29,0,none,-1
A0751,Acme Tenant 0751,Proo,NA,49,351.0,2023-12-03,1,support,111
A0752,Acme Tenant 0752,Starter,APAC,32,234.0,2023-04-02,0,none,-1
A0753,Acme Tenant 0753,Starter,APAC,11,78.0,2024-04-25,1,low_usage,34
A0754,Acme Tenant 0754,Starter,EU,79,585.0,2024-05-04,0,none,-1
A0755,Acme Tenant 0755,Enterprise,APAC,41,3992.0,2023-03-31,1,price,39
A0756,Acme Tenant 0756,Starter,NA,68,507.0,2023-03-17,1,low_usage,110
A0757,Acme Tenant 0757,Pro,NA,50,1190.0,2023-02-12,1,price,94
A0758,Acme Tenant 0758,Starter,APAC,27,195.0,2023-01-29,0,none,-1
A0759,Acme Tenant 0759,Enterprise,NA,139,13473.0,2023-07-08,0,none,-1
A0760,Acme Tenant 0760,Pro,APAC,50,1190.0,2024-03-10,0,none,-1
A0761,Acme Tenant 0761,Pro,NA,79,1785.0,2023-03-07,1,none,45
A0762,Acme Tenant 0762,Starter,NA,58,429.0,2024-03-23,1,none,70
A0763,Acme Tenant 0763,Starter,NA,55,429.0,2023-09-21,1,price,16
A0764,Acme Tenant 0764,Enterprise,NA,16,1497.0,2023-07-05,0,none,-1
A0765,Acme Tenant 0765,Pro,APAC,5,119.0,2023-09-15,0,none,-1
A0766,Acme Tenant 0766,Pro,NA,31,714.0,2023-11-15,1,competitor,8
A0767,Acme Tenant 0767,Pro,EU,19,357.0,2024-01-22,0,none,-1
A0768,Acme Tenant 0768,Enterprise,EU,5,499.0,2023-02-15,0,none,-1
A0769,Acme Tenant 0769,Pro,NA,64,1428.0,2023-09-10,0,none,-1
A0770,Acme Tenant 0770,Pro,EU,50,1190.0,2023-12-16,1,competitor,107
A0771,Acme Tenant 0771,Pro,APAC,50,1190.0,2023-07-16,0,none,-1
A0772,Acme Tenant 0772,Starter,NA,34,234.0,2023-05-27,1,low_usage,48
A0773,Acme Tenant 0773,Pro,NA,50,1190.0,2024-01-05,0,none,-1
A0774,Acme Tenant 0774,Starter,NA,70,546.0,2023-05-09,1,support,63
A0775,Acme Tenant 0775,Starter,APAC,57,429.0,2023-05-29,1,low_usage,111
A0776,Acme Tenant 0776,Enterprise,NA,110,10978.0,2024-01-20,1,price,77
A0777,Acme Tenant 0777,Pro,NA,14,238.0,2023-07-22,0,none,-1
A0778,Acme Tenant 0778,Starter,NA,2,39.0,2024-04-09,1,low_usage,46
A0779,Acme Tenant 0779,Pro,APAC,53,1190.0,2023-04-29,0,none,-1
A0780,Acme Tenant 0780,Enterprise,NA,249,24451.0,2023-11-30,0,none,-1
A0781,Acme Tenant 0781,Starter,NA,53,390.0,2023-06-25,0,none,-1
A0782,Acme Tenant 0782,Pro,APAC,59,1309.0,2023-01-24,0,none,-1
A0783,Acme Tenant 0783,Pro,EU,57,1309.0,2023-06-06,0,none,-1
A0784,Acme Tenant 0784,Pro,NA,20,476.0,2023-03-11,1,support,115
A0785,Acme Tenant 0785,Pro,APAC,26,595.0,2023-04-03,1,none,74
A0786,Acme Tenant 0786,Pro,APAC,10,238.0,2023-08-20,1,support,79
A0787,Acme Tenant 0787,Pro,NA,71,1666.0,2023-04-10,1,low_usage,101
A0788,Acme Tenant 0788,Pro,NA,16,357.0,2023-06-24,0,none,-1
A0789,Acme Tenant 0789,Starter,APAC,55,429.0,2023-05-25,1,low_usage,58
A0790,Acme Tenant 0790,Starter,NA,31,234.0,2023-09-29,0,none,-1
A0791,Acme Tenant 0791,Starter,APAC,41,312.0,2023-07-10,1,low_usage,50
A0792,Acme Tenant 0792,Enterprise,NA,4,499.0,2023-11-04,0,none,-1
A0793,Acme Tenant 0793,Pro,NA,60,1428.0,2023-10-02,0,none,-1
A0794,Acme Tenant 0794,Pro,EU,26,595.0,2023-10-10,1,low_usage,55
A0795,Acme Tenant 0795,Enterprise,NA,104,9980.0,2023-10-09,0,none,-1
A0796,Acme Tenant 0796,Starter,NA,56,429.0,2024-02-29,0,none,-1
A0797,Acme Tenant 0797,Enterprise,EU,112,10978.0,2024-02-13,0,none,-1
A0798,Acme Tenant 0798,Starter,EU,18,117.0,2023-07-06,0,none,-1
A0799,Acme Tenant 0799,Pro,APAC,39,833.0,2024-02-16,0,none,-1
A0800,Acme Tenant 0800,Starter,NA,65,507.0,2023-08-18,1,support,95
A0801,Acme Tenant 0801,Enterprise,EU,242,23952.0,2024-01-22,0,none,-1
A0802,Acme Tenant 0802,Starter,APAC,30,234.0,2024-02-25,0,none,-1
A0803,Acme Tenant 0803,Starter,NA,29,195.0,2023-05-16,1,competitor,115
A0804,Acme Tenant 0804,Pro,NA,57,1309.0,2024-04-06,0,none,-1
A0805,Acme Tenant 0805,Pro,APAC,76,1785.0,2023-10-14,0,none,-1
A0806,Acme Tenant 0806,Starter,NA,33,234.0,2023-04-20,1,low_usage,107
A0807,Acme Tenant 0807,Pro,NA,30,714.0,2023-02-18,1,price,45
A0808,Acme Tenant 0808,Starter,NA,55,429.0,2023-03-26,1,support,47
A0809,Acme Tenant 0809,Pro,APAC,25,595.0,2023-01-01,0,none,-1
A0810,Acme Tenant 0810,Enterprise,NA,248,24451.0,2023-10-01,0,none,-1
A0811,Acme Tenant 0811,Starter,NA,66,507.0,2023-07-12,1,none,111
A0812,Acme Tenant 0812,Pro,NA,17,357.0,2023-08-19,0,none,-1
A0813,Acme Tenant 0813,Pro,NA,57,1309.0,2023-09-22,1,price,86
A0814,Acme Tenant 0814,Pro,NA,34,714.0,2023-07-21,0,none,-1
A0815,Acme Tenant 0815,Starter,NA,27,195.0,2023-07-11,1,support,119
A0816,Acme Tenant 0816,Starter,NA,52,390.0,2024-04-28,1,none,60
A0817,Acme Tenant 0817,Enterprise,APAC,61,5988.0,2023-03-28,1,price,22
A0818,Acme Tenant 0818,Enterprise,NA,174,16966.0,2023-09-20,0,none,-1
A0819,Acme Tenant 0819,Starter,EU,68,507.0,2023-06-22,1,competitor,42
A0820,Acme Tenant 0820,Enterprise,NA,160,15968.0,2023-02-26,0,none,-1
A0821,Acme Tenant 0821,Pro,EU,76,1785.0,2023-01-21,0,none,-1
A0822,Acme Tenant 0822,Pro,EU,20,476.0,2024-03-04,0,none,-1
A0823,Acme Tenant 0823,Starter,APAC,67,507.0,2023-05-29,1,support,110
A0824,Acme Tenant 0824,Starter,EU,5,39.0,2023-03-15,0,none,-1
A0825,Acme Tenant 0825,Pro,APAC,40,952.0,2023-10-29,0,none,-1
A0826,Acme Tenant 0826,Pro,EU,60,1428.0,2024-04-29,0,none,-1
A0827,Acme Tenant 0827,Pro,EU,18,357.0,2024-01-10,1,support,51
A0828,Acme Tenant 0828,Starter,APAC,46,351.0,2024-04-03,0,none,-1
A0829,Acme Tenant 0829,Starter,EU,67,507.0,2023-09-19,0,none,-1
A0830,Acme Tenant 0830,Starter,APAC,16,117.0,2023-08-18,0,none,-1
A0831,Acme Tenant 0831,Proo,NA,182,17964.0,2023-04-28,0,none,-1
A0832,Acme Tenant 0832,Pro,NA,63,1428.0,2023-02-26,0,none,-1
A0833,Acme Tenant 0833,Pro,NA,53,1190.0,2023-01-19,0,none,-1
A0834,Acme Tenant 0834,Enterprise,NA,106,10479.0,2023-10-29,0,none,-1
A0835,Acme Tenant 0835,Pro,NA,18,357.0,2023-07-03,0,none,-1
A0836,Acme Tenant 0836,Starter,NA,51,390.0,2023-06-07,1,low_usage,83
A0837,Acme Tenant 0837,Starter,NA,47,351.0,2024-02-04,1,support,97
A0838,Acme Tenant 0838,Pro,NA,1,119.0,2023-12-29,1,none,51
A0839,Acme Tenant 0839,Pro,APAC,55,1309.0,2024-04-16,0,none,-1
A0840,Acme Tenant 0840,Enterprise,APAC,200,19960.0,2024-05-13,1,low_usage,81
A0841,Acme Tenant 0841,Pro,NA,34,714.0,2023-06-29,0,none,-1
A0842,Acme Tenant 0842,Starter,NA,8,39.0,2023-07-29,0,none,-1
A0843,Acme Tenant 0843,Enterprise,NA,107,10479.0,2024-01-12,0,none,-1
A0844,Acme Tenant 0844,Pro,NA,52,1190.0,2024-02-06,0,none,-1
A0845,Acme Tenant 0845,Starter,NA,34,234.0,2023-08-10,0,none,-1
A0846,Acme Tenant 0846,Pro,EU,7,119.0,2024-01-12,0,none,-1
A0847,Acme Tenant 0847,Starter,NA,69,507.0,2024-04-28,0,none,-1
A0848,Acme Tenant 0848,Starter,EU,16,117.0,2023-07-26,1,competitor,67
A0849,Acme Tenant 0849,Starter,NA,66,507.0,2023-08-02,1,price,110
A0850,Acme Tenant 0850,Starter,APAC,31,234.0,2023-10-23,1,competitor,106
A0851,Acme Tenant 0851,Enterprise,EU,24,1996.0,2023-11-11,1,none,112
A0852,Acme Tenant 0852,Enterprise,EU,38,3493.0,2024-04-26,0,none,-1
A0853,Acme Tenant 0853,Enterprise,EU,233,22954.0,2023-09-24,0,none,-1
A0854,Acme Tenant 0854,Starter,EU,35,273.0,2024-01-13,1,low_usage,64
A0855,Acme Tenant 0855,Starter,EU,8,39.0,2023-11-26,1,low_usage,82
A0856,Acme Tenant 0856,Starter,APAC,34,234.0,2024-01-16,1,none,52
A0857,Acme Tenant 0857,Starter,NA,57,429.0,2024-01-29,0,none,-1
A0858,Acme Tenant 0858,Pro,NA,25,595.0,2024-04-14,1,low_usage,118
A0859,Acme Tenant 0859,Pro,APAC,7,119.0,2024-01-01,0,none,-1
A0860,Acme Tenant 0860,Starter,APAC,45,351.0,2024-02-12,1,price,35
A0861,Acme Tenant 0861,Starter,EU,56,429.0,2024-02-13,0,none,-1
A0862,Acme Tenant 0862,Pro,NA,12,238.0,2024-02-18,1,none,30
A0863,Acme Tenant 0863,Starter,EU,49,351.0,2023-01-15,0,none,-1
A0864,Acme Tenant 0864,Starter,EU,73,546.0,2024-03-28,1,competitor,41
A0865,Acme Tenant 0865,Pro,EU,29,595.0,2023-09-01,0,none,-1
A0866,Acme Tenant 0866,Starter,NA,11,78.0,2023-08-05,1,none,21
A0867,Acme Tenant 0867,Pro,NA,32,714.0,2023-12-21,0,none,-1
A0868,Acme Tenant 0868,Enterprise,NA,169,16467.0,2024-02-20,0,none,-1
A0869,Acme Tenant 0869,Starter,EU,25,195.0,2023-08-05,1,low_usage,32
A0870,Acme Tenant 0870,Starter,NA,79,585.0,2023-08-15,1,none,78
A0871,Acme Tenant 0871,Enterprise,APAC,157,15469.0,2023-03-07,0,none,-1
A0872,Acme Tenant 0872,Pro,NA,48,1071.0,2023-10-15,0,none,-1
A0873,Acme Tenant 0873,Pro,APAC,16,357.0,2023-11-18,1,none,17
A0874,Acme Tenant 0874,Starter,EU,17,117.0,2023-10-27,1,support,72
A0875,Acme Tenant 0875,Pro,EU,76,1785.0,2024-05-12,1,competitor,88
A0876,Acme Tenant 0876,Starter,NA,40,312.0,2024-01-30,1,support,67
A0877,Acme Tenant 0877,Pro,NA,49,1071.0,2023-12-15,1,support,84
A0878,Acme Tenant 0878,Pro,EU,79,1785.0,2024-04-24,1,support,14
A0879,Acme Tenant 0879,Starter,NA,78,585.0,2024-03-05,0,none,-1
A0880,Acme Tenant 0880,Starter,NA,6,39.0,2023-08-21,0,none,-1
A0881,Acme Tenant 0881,Starter,EU,63,468.0,2023-08-07,0,none,-1
A0882,Acme Tenant 0882,Pro,APAC,78,1785.0,2023-11-01,1,competitor,73
A0883,Acme Tenant 0883,Pro,APAC,59,1309.0,2024-02-02,0,none,-1
A0884,Acme Tenant 0884,Pro,EU,19,357.0,2024-05-04,1,price,55
A0885,Acme Tenant 0885,Starter,NA,65,507.0,2024-03-08,1,competitor,11
A0886,Acme Tenant 0886,Pro,APAC,78,1785.0,2023-12-01,0,none,-1
A0887,Acme Tenant 0887,Starter,NA,37,273.0,2024-04-16,1,low_usage,73
A0888,Acme Tenant 0888,Starter,APAC,45,351.0,2023-04-19,0,none,-1
A0889,Acme Tenant 0889,Enterprise,NA,37,3493.0,2023-12-01,0,none,-1
A0890,Acme Tenant 0890,Starter,EU,9,39.0,2023-10-01,1,low_usage,46
A0891,Acme Tenant 0891,Pro,EU,38,833.0,2024-04-12,0,none,-1
A0892,Acme Tenant 0892,Starter,NA,9,39.0,2023-06-05,0,none,-1
A0893,Acme Tenant 0893,Pro,EU,7,119.0,2023-10-13,0,none,-1
A0894,Acme Tenant 0894,Pro,NA,74,1666.0,2023-03-23,0,none,-1
A0895,Acme Tenant 0895,Enterprise,NA,218,21457.0,2023-05-01,0,none,-1
A0896,Acme Tenant 0896,Pro,NA,15,357.0,2023-02-16,0,none,-1
A0897,Acme Tenant 0897,Starter,NA,2,39.0,2024-05-10,1,none,105
A0898,Acme Tenant 0898,Enterprise,NA,150,14970.0,2024-03-30,0,none,-1
A0899,Acme Tenant 0899,Starter,APAC,3,39.0,2024-01-10,1,low_usage,108
A0900,Acme Tenant 0900,Starter,APAC,43,312.0,2024-01-26,1,low_usage,23
A0901,Acme Tenant 0901,Starter,EU,54,390.0,2023-03-14,1,competitor,102
A0902,Acme Tenant 0902,Pro,APAC,62,1428.0,2024-03-13,0,none,-1
A0903,Acme Tenant 0903,Starter,NA,71,546.0,2023-01-30,0,none,-1
A0904,Acme Tenant 0904,Enterprise,NA,69,6487.0,2023-07-02,0,none,-1
A0905,Acme Tenant 0905,Starter,APAC,18,117.0,2024-04-11,1,low_usage,57
A0906,Acme Tenant 0906,Starter,APAC,37,273.0,2024-03-04,0,none,-1
A0907,Acme Tenant 0907,Pro,EU,1,119.0,2023-08-25,1,support,8
A0908,Acme Tenant 0908,Pro,EU,71,1666.0,2023-11-28,1,low_usage,95
A0909,Acme Tenant 0909,Starter,APAC,39,273.0,2023-04-05,1,none,83
A0910,Acme Tenant 0910,Pro,EU,48,1071.0,2023-08-29,0,none,-1
A0911,Acme Tenant 0911,Enterprise,NA,67,6487.0,2023-05-12,0,none,-1
A0912,Acme Tenant 0912,Starter,NA,42,312.0,2023-07-02,1,low_usage,97
A0913,Acme Tenant 0913,Starter,NA,68,507.0,2023-02-16,0,none,-1
A0914,Acme Tenant 0914,Enterprise,NA,58,5489.0,2023-07-14,1,none,54
A0915,Acme Tenant 0915,Starter,EU,33,234.0,2024-04-11,1,price,53
A0916,Acme Tenant 0916,Pro,EU,11,238.0,2024-01-19,0,none,-1
A0917,Acme Tenant 0917,Starter,NA,49,351.0,2024-05-14,1,none,71
A0918,Acme Tenant 0918,Starter,NA,12,78.0,2023-10-17,1,support,51
A0919,Acme Tenant 0919,Pro,NA,69,1547.0,2023-12-03,1,low_usage,35
A0920,Acme Tenant 0920,Pro,NA,1,119.0,2023-05-17,0,none,-1
A0921,Acme Tenant 0921,Enterprise,NA,205,20459.0,2024-03-24,0,none,-1
A0922,Acme Tenant 0922,Enterprise,NA,104,9980.0,2024-05-05,0,none,-1
A0923,Acme Tenant 0923,Starter,NA,32,234.0,2023-01-06,1,competitor,107
A0924,Acme Tenant 0924,Starter,NA,51,390.0,2023-12-06,1,low_usage,22
A0925,Acme Tenant 0925,Pro,NA,20,476.0,2023-01-12,1,none,5
A0926,Acme Tenant 0926,Pro,APAC,54,1190.0,2023-11-24,1,support,53
A0927,Acme Tenant 0927,Enterprise,NA,24,1996.0,2023-01-02,1,competitor,25
A0928,Acme Tenant 0928,Pro,NA,73,1666.0,2023-06-23,0,none,-1
A0929,Acme Tenant 0929,Starter,EU,65,507.0,2023-02-09,1,price,105
A0930,Acme Tenant 0930,Starter,APAC,14,78.0,2023-09-28,1,support,43
A0931,Acme Tenant 0931,Pro,EU,43,952.0,2023-09-06,0,none,-1
A0932,Acme Tenant 0932,Starter,APAC,57,429.0,2023-08-11,1,low_usage,38
A0933,Acme Tenant 0933,Pro,APAC,3,119.0,2023-02-21,0,none,-1
A0934,Acme Tenant 0934,Pro,APAC,28,595.0,2023-04-16,1,low_usage,9
A0935,Acme Tenant 0935,Pro,NA,70,1666.0,2023-02-24,1,price,74
A0936,Acme Tenant 0936,Pro,NA,64,1428.0,2024-01-31,0,none,-1
A0937,Acme Tenant 0937,Starter,APAC,13,78.0,2023-05-31,1,support,55
A0938,Acme Tenant 0938,Starter,APAC,3,39.0,2023-08-04,0,none,-1
A0939,Acme Tenant 0939,Starter,NA,56,429.0,2023-12-22,1,none,119
A0940,Acme Tenant 0940,Pro,NA,17,357.0,2024-02-04,0,none,-1
A0941,Acme Tenant 0941,Pro,NA,33,714.0,2023-12-13,1,price,35
A0942,Acme Tenant 0942,Enterprise,APAC,165,16467.0,2024-01-04,0,none,-1
A0943,Acme Tenant 0943,Pro,APAC,69,1547.0,2023-12-09,0,none,-1
A0944,Acme Tenant 0944,Starter,EU,44,312.0,2024-04-27,1,competitor,77
A0945,Acme Tenant 0945,Enterprise,NA,6,499.0,2023-12-17,0,none,-1
A0946,Acme Tenant 0946,Starter,EU,8,39.0,2024-02-22,0,none,-1
A0947,Acme Tenant 0947,Pro,NA,12,238.0,2023-11-30,1,low_usage,69
A0948,Acme Tenant 0948,Enterprise,EU,143,13972.0,2023-05-02,0,none,-1
A0949,Acme Tenant 0949,Pro,NA,31,714.0,2024-03-18,1,competitor,112
A0950,Acme Tenant 0950,Starter,NA,68,507.0,2023-01-23,1,none,88
A0951,Acme Tenant 0951,Starter,NA,73,546.0,2023-10-14,1,competitor,73
A0952,Acme Tenant 0952,Pro,NA,45,1071.0,2023-09-07,1,low_usage,89
A0953,Acme Tenant 0953,Pro,EU,40,952.0,2023-11-22,0,none,-1
A0954,Acme Tenant 0954,Starter,NA,4,39.0,2023-09-02,1,support,69
A0955,Acme Tenant 0955,Enterprise,APAC,9,499.0,2024-04-15,1,price,33
A0956,Acme Tenant 0956,Starter,NA,50,390.0,2023-01-28,1,low_usage,59
A0957,Acme Tenant 0957,Pro,NA,9,119.0,2024-02-24,1,support,113
A0958,Acme Tenant 0958,Starter,EU,22,156.0,2024-04-08,1,low_usage,46
A0959,Acme Tenant 0959,Pro,NA,78,1785.0,2023-05-25,1,price,96
A0960,Acme Tenant 0960,Starter,EU,26,195.0,2023-09-04,1,competitor,36
A0961,Acme Tenant 0961,Starter,EU,8,39.0,2023-07-16,1,support,63
A0962,Acme Tenant 0962,Pro,EU,25,595.0,2023-08-01,1,competitor,107
A0963,Acme Tenant 0963,Pro,NA,35,833.0,2024-05-13,0,none,-1
A0964,Acme Tenant 0964,Pro,NA,40,952.0,2024-01-03,0,none,-1
A0965,Acme Tenant 0965,Starter,EU,70,546.0,2023-07-04,1,low_usage,15
A0966,Acme Tenant 0966,Pro,APAC,23,476.0,2023-01-31,0,none,-1
A0967,Acme Tenant 0967,Starter,EU,64,468.0,2024-03-09,0,none,-1
A0968,Acme Tenant 0968,Starter,NA,20,156.0,2023-05-20,1,price,28
A0969,Acme Tenant 0969,Pro,NA,75,1785.0,2024-05-14,1,none,21
A0970,Acme Tenant 0970,Starter,EU,9,39.0,2023-05-19,0,none,-1
A0971,Acme Tenant 0971,Pro,APAC,15,357.0,2023-05-27,0,none,-1
A0972,Acme Tenant 0972,Starter,NA,65,507.0,2024-04-26,1,low_usage,109
A0973,Acme Tenant 0973,Pro,EU,8,119.0,2023-10-31,1,none,23
A0974,Acme Tenant 0974,Starter,NA,78,585.0,2023-09-18,1,price,12
A0975,Acme Tenant 0975,Pro,NA,67,1547.0,2023-06-09,0,none,-1
A0976,Acme Tenant 0976,Pro,EU,33,714.0,2023-05-18,0,none,-1
A0977,Acme Tenant 0977,Starter,NA,49,351.0,2023-06-05,1,competitor,116
A0978,Acme Tenant 0978,Pro,EU,21,476.0,2023-05-04,1,low_usage,69
A0979,Acme Tenant 0979,Enterprise,EU,52,4990.0,2024-05-09,1,competitor,64
A0980,Acme Tenant 0980,Starter,NA,76,585.0,2024-05-04,1,support,23
A0981,Acme Tenant 0981,Starter,NA,59,429.0,2024-03-23,1,support,95
A0982,Acme Tenant 0982,Pro,APAC,38,833.0,2024-03-07,0,none,-1
A0983,Acme Tenant 0983,Starter,APAC,24,156.0,2023-05-23,0,none,-1
A0984,Acme Tenant 0984,Enterprise,NA,83,7984.0,2023-11-25,0,none,-1
A0985,Acme Tenant 0985,Pro,NA,9,119.0,2023-05-13,1,price,9
A0986,Acme Tenant 0986,Pro,NA,68,1547.0,2024-05-10,0,none,-1
A0987,Acme Tenant 0987,Starter,NA,22,156.0,2023-10-12,0,none,-1
A0988,Acme Tenant 0988,Starter,NA,20,156.0,2023-07-02,1,low_usage,61
A0989,Acme Tenant 0989,Starter,NA,20,156.0,2023-08-14,1,price,72
A0990,Acme Tenant 0990,Starter,EU,43,312.0,2023-01-12,1,low_usage,32
A0991,Acme Tenant 0991,Pro,APAC,63,1428.0,2023-02-21,0,none,-1
A0992,Acme Tenant 0992,Enterprise,EU,126,12475.0,2023-07-25,1,support,111
A0993,Acme Tenant 0993,Pro,NA,28,595.0,2023-03-09,0,none,-1
A0994,Acme Tenant 0994,Starter,NA,71,546.0,2024-03-14,1,competitor,62
A0995,Acme Tenant 0995,Pro,EU,54,1190.0,2023-04-23,0,none,-1
A0996,Acme Tenant 0996,Starter,NA,4,39.0,2023-04-09,0,none,-1
A0997,Acme Tenant 0997,Pro,NA,42,952.0,2023-05-25,1,price,8
A0998,Acme Tenant 0998,Starter,NA,47,351.0,2023-04-30,1,support,48
A0999,Acme Tenant 0999,Starter,APAC,56,429.0,2023-03-15,1,price,60
A1000,Acme Tenant 1000,Starter,EU,28,195.0,2024-04-18,1,low_usage,53
A1001,Acme Tenant 1001,Pro,NA,74,1666.0,2024-03-11,0,none,-1
A1002,Acme Tenant 1002,Starter,NA,30,234.0,2023-11-02,0,none,-1
A1003,Acme Tenant 1003,Pro,NA,7,119.0,2023-01-24,0,none,-1
A1004,Acme Tenant 1004,Pro,NA,64,1428.0,2024-03-23,0,none,-1
A1005,Acme Tenant 1005,Starter,EU,62,468.0,2023-08-25,1,competitor,76
A1006,Acme Tenant 1006,Pro,APAC,18,357.0,2023-11-13,1,low_usage,96
A1007,Acme Tenant 1007,Starter,EU,56,429.0,2023-05-08,0,none,-1
A1008,Acme Tenant 1008,Starter,APAC,20,156.0,2023-09-14,0,none,-1
A1009,Acme Tenant 1009,Pro,EU,45,1071.0,2024-02-11,1,support,105
A1010,Acme Tenant 1010,Pro,EU,22,476.0,2023-05-15,0,none,-1
A1011,Acme Tenant 1011,Starter,NA,37,273.0,2023-10-17,1,none,68
A1012,Acme Tenant 1012,Proo,EU,23,156.0,2023-12-08,1,low_usage,94
A1013,Acme Tenant 1013,Starter,NA,3,39.0,2024-02-11,1,low_usage,119
A1014,Acme Tenant 1014,Pro,NA,3,119.0,2023-10-03,0,none,-1
A1015,Acme Tenant 1015,Starter,EU,12,78.0,2024-01-31,0,none,-1
A1016,Acme Tenant 1016,Starter,NA,17,117.0,2023-05-13,1,none,78
A1017,Acme Tenant 1017,Pro,EU,44,952.0,2023-06-21,0,none,-1
A1018,Acme Tenant 1018,Enterprise,EU,34,2994.0,2023-03-12,0,none,-1
A1019,Acme Tenant 1019,Starter,NA,31,234.0,2024-01-26,1,competitor,34
A1020,Acme Tenant 1020,Pro,NA,62,1428.0,2024-04-13,1,none,43
A1021,Acme Tenant 1021,Starter,EU,49,351.0,2023-06-20,0,none,-1
A1022,Acme Tenant 1022,Pro,NA,72,1666.0,2024-03-27,1,price,29
A1023,Acme Tenant 1023,Proo,EU,65,507.0,2023-09-01,0,none,-1
A1024,Acme Tenant 1024,Pro,EU,2,119.0,2023-04-21,0,none,-1
A1025,Acme Tenant 1025,Starter,APAC,10,78.0,2024-03-19,1,none,83
A1026,Acme Tenant 1026,Pro,APAC,35,833.0,2023-02-24,0,none,-1
A1027,Acme Tenant 1027,Enterprise,APAC,29,2495.0,2023-07-12,1,low_usage,13
A1028,Acme Tenant 1028,Starter,NA,78,585.0,2024-04-27,0,none,-1
A1029,Acme Tenant 1029,Starter,NA,48,351.0,2024-04-16,1,low_usage,43
A1030,Acme Tenant 1030,Starter,NA,75,585.0,2023-09-17,1,low_usage,115
A1031,Acme Tenant 1031,Pro,NA,67,1547.0,2024-03-24,0,none,-1
A1032,Acme Tenant 1032,Pro,EU,43,952.0,2023-05-21,0,none,-1
A1033,Acme Tenant 1033,Starter,NA,41,312.0,2023-09-12,1,none,35
A1034,Acme Tenant 1034,Starter,NA,56,429.0,2024-05-02,1,price,54
A1035,Acme Tenant 1035,Enterprise,NA,2,499.0,2024-02-05,0,none,-1
A1036,Acme Tenant 1036,Pro,APAC,10,238.0,2023-10-03,1,none,32
A1037,Acme Tenant 1037,Pro,NA,47,1071.0,2024-01-04,1,competitor,49
A1038,Acme Tenant 1038,Pro,APAC,62,1428.0,2023-09-07,0,none,-1
A1039,Acme Tenant 1039,Pro,NA,4,119.0,2023-09-30,1,support,108
A1040,Acme Tenant 1040,Pro,APAC,59,1309.0,2023-01-21,0,none,-1
A1041,Acme Tenant 1041,Starter,APAC,50,390.0,2023-12-14,1,none,96
A1042,Acme Tenant 1042,Pro,NA,58,1309.0,2023-09-09,0,none,-1
A1043,Acme Tenant 1043,Enterprise,EU,109,10479.0,2024-05-11,0,none,-1
A1044,Acme Tenant 1044,Starter,EU,48,351.0,2024-04-06,0,none,-1
A1045,Acme Tenant 1045,Pro,NA,43,952.0,2023-02-28,1,none,7
A1046,Acme Tenant 1046,Enterprise,NA,248,24451.0,2023-05-21,0,none,-1
A1047,Acme Tenant 1047,Pro,NA,72,1666.0,2023-03-02,0,none,-1
A1048,Acme Tenant 1048,Enterprise,EU,102,9980.0,2023-02-24,1,support,46
A1049,Acme Tenant 1049,Enterprise,NA,58,5489.0,2024-04-16,0,none,-1
A1050,Acme Tenant 1050,Pro,EU,79,1785.0,2023-09-20,0,none,-1
A1051,Acme Tenant 1051,Pro,APAC,54,1190.0,2024-02-21,1,low_usage,116
A1052,Acme Tenant 1052,Pro,EU,27,595.0,2023-05-24,1,competitor,10
A1053,Acme Tenant 1053,Starter,APAC,11,78.0,2023-01-19,1,none,28
A1054,Acme Tenant 1054,Starter,APAC,30,234.0,2023-04-28,0,none,-1
A1055,Acme Tenant 1055,Pro,NA,5,119.0,2024-01-14,0,none,-1
A1056,Acme Tenant 1056,Pro,EU,7,119.0,2023-08-06,1,none,30
A1057,Acme Tenant 1057,Pro,NA,51,1190.0,2023-03-28,0,none,-1
A1058,Acme Tenant 1058,Pro,NA,46,1071.0,2024-01-06,0,none,-1
A1059,Acme Tenant 1059,Starter,NA,19,117.0,2023-01-29,0,none,-1
A1060,Acme Tenant 1060,Pro,NA,15,357.0,2023-04-12,0,none,-1
A1061,Acme Tenant 1061,Starter,EU,23,156.0,2024-02-12,1,price,30
A1062,Acme Tenant 1062,Pro,NA,5,119.0,2023-02-17,0,none,-1
A1063,Acme Tenant 1063,Pro,APAC,50,1190.0,2023-05-01,1,low_usage,43
A1064,Acme Tenant 1064,Starter,NA,7,39.0,2024-04-19,1,price,87
A1065,Acme Tenant 1065,Starter,EU,77,585.0,2023-05-24,1,low_usage,65
A1066,Acme Tenant 1066,Pro,NA,36,833.0,2023-08-28,0,none,-1
A1067,Acme Tenant 1067,Pro,EU,20,476.0,2023-01-25,1,competitor,81
A1068,Acme Tenant 1068,Starter,EU,17,117.0,2023-06-05,1,support,33
A1069,Acme Tenant 1069,Enterprise,APAC,161,15968.0,2023-03-14,1,support,48
A1070,Acme Tenant 1070,Starter,NA,66,507.0,2024-01-04,1,competitor,7
A1071,Acme Tenant 1071,Enterprise,NA,19,1497.0,2024-03-30,0,none,-1
A1072,Acme Tenant 1072,Starter,APAC,37,273.0,2023-10-07,0,none,-1
A1073,Acme Tenant 1073,Starter,APAC,57,429.0,2023-12-17,1,competitor,96
A1074,Acme Tenant 1074,Pro,NA,16,357.0,2023-06-15,0,none,-1
A1075,Acme Tenant 1075,Starter,NA,23,156.0,2024-05-03,0,none,-1
A1076,Acme Tenant 1076,Starter,NA,39,273.0,2023-06-27,1,low_usage,9
A1077,Acme Tenant 1077,Pro,EU,69,1547.0,2023-11-20,1,price,112
A1078,Acme Tenant 1078,Starter,NA,78,585.0,2023-09-22,1,competitor,42
A1079,Acme Tenant 1079,Pro,NA,77,1785.0,2023-12-22,1,none,19
A1080,Acme Tenant 1080,Enterprise,APAC,174,16966.0,2023-06-06,0,none,-1
A1081,Acme Tenant 1081,Starter,NA,2,39.0,2023-12-01,1,support,57
A1082,Acme Tenant 1082,Starter,EU,3,39.0,2023-12-24,1,competitor,56
A1083,Acme Tenant 1083,Enterprise,NA,7,499.0,2023-12-29,0,none,-1
A1084,Acme Tenant 1084,Starter,APAC,18,117.0,2024-03-03,0,none,-1
A1085,Acme Tenant 1085,Starter,NA,57,429.0,2023-09-19,1,none,116
A1086,Acme Tenant 1086,Pro,NA,30,714.0,2024-01-18,0,none,-1
A1087,Acme Tenant 1087,Starter,NA,76,585.0,2023-07-06,1,low_usage,89
A1088,Acme Tenant 1088,Starter,APAC,64,468.0,2023-04-17,1,support,109
A1089,Acme Tenant 1089,Pro,EU,59,1309.0,2023-08-28,0,none,-1
A1090,Acme Tenant 1090,Starter,NA,38,273.0,2023-08-13,0,none,-1
A1091,Acme Tenant 1091,Starter,NA,14,78.0,2023-06-11,1,competitor,20
A1092,Acme Tenant 1092,Starter,NA,21,156.0,2023-12-26,1,competitor,39
A1093,Acme Tenant 1093,Enterprise,NA,133,12974.0,2023-09-15,0,none,-1
A1094,Acme Tenant 1094,Starter,EU,17,117.0,2023-10-14,0,none,-1
A1095,Acme Tenant 1095,Starter,EU,46,351.0,2023-03-22,1,support,49
A1096,Acme Tenant 1096,Starter,APAC,71,546.0,2023-03-04,1,support,74
A1097,Acme Tenant 1097,Pro,NA,8,119.0,2023-10-07,1,support,18
A1098,Acme Tenant 1098,Starter,NA,2,39.0,2024-04-01,0,none,-1
A1099,Acme Tenant 1099,Pro,NA,14,238.0,2023-06-22,0,none,-1
A1100,Acme Tenant 1100,Pro,APAC,7,119.0,2023-10-12,1,support,119
A1101,Acme Tenant 1101,Pro,NA,23,476.0,2023-03-25,1,price,49
A1102,Acme Tenant 1102,Starter,APAC,10,78.0,2023-07-04,1,price,98
A1103,Acme Tenant 1103,Pro,EU,38,833.0,2023-09-18,1,price,88
A1104,Acme Tenant 1104,Starter,EU,23,156.0,2023-05-02,0,none,-1
A1105,Acme Tenant 1105,Starter,NA,18,117.0,2024-02-21,0,none,-1
A1106,Acme Tenant 1106,Pro,NA,60,1428.0,2023-10-21,0,none,-1
A1107,Acme Tenant 1107,Enterprise,NA,224,21956.0,2023-12-26,1,support,30
A1108,Acme Tenant 1108,Starter,EU,52,390.0,2023-04-14,0,none,-1
A1109,Acme Tenant 1109,Starter,NA,12,78.0,2024-04-23,0,none,-1
A1110,Acme Tenant 1110,Starter,APAC,27,195.0,2023-03-07,0,none,-1
A1111,Acme Tenant 1111,Starter,EU,26,195.0,2023-03-29,0,none,-1
A1112,Acme Tenant 1112,Starter,NA,30,234.0,2023-07-31,1,low_usage,31
A1113,Acme Tenant 1113,Pro,APAC,27,595.0,2024-04-03,0,none,-1
A1114,Acme Tenant 1114,Starter,NA,26,195.0,2023-05-17,1,low_usage,100
A1115,Acme Tenant 1115,Pro,EU,71,1666.0,2023-01-09,1,price,39
A1116,Acme Tenant 1116,Starter,APAC,79,585.0,2023-11-04,1,price,19
A1117,Acme Tenant 1117,Pro,APAC,52,1190.0,2023-06-09,1,competitor,103
A1118,Acme Tenant 1118,Pro,APAC,44,952.0,2023-01-23,1,price,72
A1119,Acme Tenant 1119,Starter,EU,25,195.0,2023-07-09,0,none,-1
A1120,Acme Tenant 1120,Pro,EU,75,1785.0,2023-07-28,1,support,89
A1121,Acme Tenant 1121,Pro,NA,57,1309.0,2023-04-19,1,none,16
A1122,Acme Tenant 1122,Pro,NA,2,119.0,2023-01-14,0,none,-1
A1123,Acme Tenant 1123,Enterprise,NA,115,11477.0,2023-07-09,1,support,78
A1124,Acme Tenant 1124,Pro,NA,16,357.0,2023-08-27,0,none,-1
A1125,Acme Tenant 1125,Starter,NA,58,429.0,2023-04-15,0,none,-1
A1126,Acme Tenant 1126,Starter,NA,70,546.0,2024-01-16,1,low_usage,27
A1127,Acme Tenant 1127,Enterprise,NA,173,16966.0,2023-04-05,1,support,97
A1128,Acme Tenant 1128,Pro,APAC,41,952.0,2023-02-13,0,none,-1
A1129,Acme Tenant 1129,Pro,NA,66,1547.0,2023-10-03,0,none,-1
A1130,Acme Tenant 1130,Starter,NA,40,312.0,2023-07-06,1,price,28
A1131,Acme Tenant 1131,Pro,APAC,57,1309.0,2023-05-18,1,low_usage,65
A1132,Acme Tenant 1132,Pro,NA,36,833.0,2023-10-27,1,none,111
A1133,Acme Tenant 1133,Proo,NA,26,595.0,2023-02-15,1,low_usage,70
A1134,Acme Tenant 1134,Starter,APAC,68,507.0,2024-02-23,1,none,87
A1135,Acme Tenant 1135,Starter,EU,6,39.0,2023-01-25,1,none,101
A1136,Acme Tenant 1136,Enterprise,NA,102,9980.0,2023-07-23,0,none,-1
A1137,Acme Tenant 1137,Enterprise,NA,223,21956.0,2023-10-09,0,none,-1
A1138,Acme Tenant 1138,Pro,EU,19,357.0,2023-03-11,1,competitor,95
A1139,Acme Tenant 1139,Starter,EU,21,156.0,2023-10-07,0,none,-1
A1140,Acme Tenant 1140,Starter,EU,54,390.0,2023-10-06,1,low_usage,60
A1141,Acme Tenant 1141,Enterprise,NA,38,3493.0,2023-06-14,1,low_usage,33
A1142,Acme Tenant 1142,Starter,APAC,69,507.0,2023-03-25,0,none,-1
A1143,Acme Tenant 1143,Pro,APAC,63,1428.0,2023-07-15,1,price,73
A1144,Acme Tenant 1144,Starter,APAC,27,195.0,2023-12-14,1,none,104
A1145,Acme Tenant 1145,Starter,APAC,50,390.0,2023-01-11,1,price,49
A1146,Acme Tenant 1146,Pro,NA,10,238.0,2023-03-07,0,none,-1
A1147,Acme Tenant 1147,Pro,NA,62,1428.0,2023-11-29,0,none,-1
A1148,Acme Tenant 1148,Pro,NA,21,476.0,2023-11-11,1,none,97
A1149,Acme Tenant 1149,Starter,APAC,45,351.0,2024-04-09,1,price,31
A1150,Acme Tenant 1150,Pro,EU,40,952.0,2024-05-12,0,none,-1
A1151,Acme Tenant 1151,Starter,EU,77,585.0,2023-01-21,1,competitor,64
A1152,Acme Tenant 1152,Pro,NA,17,357.0,2023-03-11,1,low_usage,29
A1153,Acme Tenant 1153,Pro,EU,10,238.0,2023-12-29,0,none,-1
A1154,Acme Tenant 1154,Starter,EU,9,39.0,2024-04-28,0,none,-1
A1155,Acme Tenant 1155,Starter,EU,30,234.0,2023-08-18,1,competitor,95
A1156,Acme Tenant 1156,Starter,EU,58,429.0,2023-10-21,1,none,73
A1157,Acme Tenant 1157,Pro,APAC,16,357.0,2024-04-04,0,none,-1
A1158,Acme Tenant 1158,Starter,NA,30,234.0,2024-05-12,1,competitor,116
A1159,Acme Tenant 1159,Pro,NA,37,833.0,2023-03-14,0,none,-1
A1160,Acme Tenant 1160,Starter,EU,30,234.0,2023-11-21,1,support,118
A1161,Acme Tenant 1161,Enterprise,APAC,49,4491.0,2023-07-27,0,none,-1
A1162,Acme Tenant 1162,Enterprise,EU,98,9481.0,2023-11-16,0,none,-1
A1163,Acme Tenant 1163,Enterprise,EU,161,15968.0,2023-12-13,0,none,-1
A1164,Acme Tenant 1164,Pro,NA,52,1190.0,2023-05-01,1,competitor,69
A1165,Acme Tenant 1165,Pro,NA,20,476.0,2023-10-11,0,none,-1
A1166,Acme Tenant 1166,Enterprise,APAC,10,998.0,2023-12-12,1,support,73
A1167,Acme Tenant 1167,Enterprise,NA,233,22954.0,2023-11-01,0,none,-1
A1168,Acme Tenant 1168,Starter,EU,41,312.0,2023-08-30,1,competitor,61
A1169,Acme Tenant 1169,Starter,EU,28,195.0,2024-01-12,1,competitor,97
A1170,Acme Tenant 1170,Pro,EU,55,1309.0,2024-01-05,0,none,-1
A1171,Acme Tenant 1171,Starter,EU,35,273.0,2023-09-20,1,low_usage,28
A1172,Acme Tenant 1172,Enterprise,APAC,91,8982.0,2023-01-14,0,none,-1
A1173,Acme Tenant 1173,Starter,APAC,70,546.0,2023-06-30,0,none,-1
A1174,Acme Tenant 1174,Starter,EU,72,546.0,2023-08-09,0,none,-1
A1175,Acme Tenant 1175,Pro,NA,22,476.0,2023-03-09,0,none,-1
A1176,Acme Tenant 1176,Starter,APAC,32,234.0,2024-04-08,0,none,-1
A1177,Acme Tenant 1177,Starter,NA,65,507.0,2023-11-06,0,none,-1
A1178,Acme Tenant 1178,Starter,EU,43,312.0,2023-09-11,0,none,-1
A1179,Acme Tenant 1179,Pro,APAC,2,119.0,2024-04-29,0,none,-1
A1180,Acme Tenant 1180,Starter,EU,38,273.0,2023-04-16,1,competitor,54
A1181,Acme Tenant 1181,Pro,NA,76,1785.0,2023-01-09,0,none,-1
A1182,Acme Tenant 1182,Starter,EU,18,117.0,2023-01-07,0,none,-1
A1183,Acme Tenant 1183,Starter,EU,71,546.0,2023-09-29,1,none,21
A1184,Acme Tenant 1184,Pro,APAC,61,1428.0,2023-02-17,1,competitor,69
A1185,Acme Tenant 1185,Starter,NA,68,507.0,2023-05-02,0,none,-1
A1186,Acme Tenant 1186,Starter,NA,37,273.0,2024-03-02,1,none,67
A1187,Acme Tenant 1187,Starter,NA,1,39.0,2024-05-04,0,none,-1
A1188,Acme Tenant 1188,Enterprise,NA,248,24451.0,2023-05-16,1,price,18
A1189,Acme Tenant 1189,Pro,EU,42,952.0,2023-08-06,1,support,13
A1190,Acme Tenant 1190,Starter,APAC,47,351.0,2023-01-21,1,price,20
A1191,Acme Tenant 1191,Enterprise,APAC,46,4491.0,2023-01-29,1,none,87
A1192,Acme Tenant 1192,Pro,NA,38,833.0,2023-12-31,0,none,-1
A1193,Acme Tenant 1193,Pro,NA,48,1071.0,2023-07-28,0,none,-1
A1194,Acme Tenant 1194,Enterprise,NA,242,23952.0,2023-01-27,0,none,-1
A1195,Acme Tenant 1195,Enterprise,APAC,226,22455.0,2023-09-27,0,none,-1
A1196,Acme Tenant 1196,Starter,NA,39,273.0,2023-12-16,1,low_usage,8
A1197,Acme Tenant 1197,Starter,NA,55,429.0,2023-02-14,1,competitor,15
A1198,Acme Tenant 1198,Starter,APAC,10,78.0,2023-01-14,1,low_usage,61
A1199,Acme Tenant 1199,Starter,NA,24,156.0,2024-01-22,1,low_usage,111
A1200,Acme Tenant 1200,Pro,NA,39,833.0,2023-12-12,0,none,-1
