order_id,order_date,customer_id,product_id,quantity,revenue,status,channel
O10000,2024-01-01,C0090,SVC-IMPL,2,1833.69,completed,sales_assisted
O10001,2024-01-01,C0052,SUB-ENTERPRISE,4,1375.15,completed,web
O10002,2024-01-01,C0254,HW-GATEWAY,2,978.14,completed,sales_assisted
O10003,2024-01-01,C0279,HW-SENSOR,2,454.04,completed,partner
O10004,2024-01-01,C0198,SVC-TRAIN,2,1234.69,completed,web
O10005,2024-01-01,C0118,SUB-BASIC,5,239.16,completed,web
O10006,2024-01-01,C0158,SUB-ENTERPRISE,1,341.13,completed,web
O10007,2024-01-01,C0021,SUB-BASIC,1,41.72,completed,sales_assisted
O10008,2024-01-02,C0061,SUB-BASIC,4,190.92,completed,sales_assisted
O10009,2024-01-02,C0260,SUB-BASIC,5,243.56,completed,sales_assisted
O10010,2024-01-02,C0019,HW-BUNDLE,1,747.36,completed,sales_assisted
O10011,2024-01-02,C0280,SVC-TRAIN,4,2714.3,completed,web
O10012,2024-01-02,C0037,HW-CABLE,5,160.88,completed,web
O10013,2024-01-02,C0265,HW-SENSOR,4,834.19,completed,web
O10014,2024-01-02,C0038,SVC-AUDIT,2,3026.21,completed,sales_assisted
O10015,2024-01-02,C0172,SUB-BASIC,5,253.56,completed,web
O10016,2024-01-02,C0017,HW-SENSOR,5,959.04,completed,sales_assisted
O10017,2024-01-03,C0057,HW-GATEWAY,1,478.99,completed,web
O10018,2024-01-03,C0037,SUB-BASIC,2,95.49,completed,web
O10019,2024-01-03,C0088,HW-BUNDLE,2,1283.88,completed,partner
O10020,2024-01-03,C0083,SUB-BASIC,4,175.92,completed,web
O10021,2024-01-03,C0215,SVC-IMPL,5,4356.29,completed,web
O10022,2024-01-03,C0154,HW-GATEWAY,5,2130.04,completed,web
O10023,2024-01-03,C0158,SVC-AUDIT,3,4723.87,completed,web
O10024,2024-01-03,C0011,SVC-IMPL,1,868.48,completed,sales_assisted
O10025,2024-01-04,C0233,HW-CABLE,2,72.31,completed,web
O10026,2024-01-04,C0047,SUB-PRO,1,-77.18,refunded,sales_assisted
O10027,2024-01-04,C0133,HW-SENSOR,2,,completed,sales_assisted
O10028,2024-01-04,C0077,SVC-IMPL,5,4632.3,completed,web
O10029,2024-01-04,C0207,HW-CABLE,5,167.28,completed,sales_assisted
O10030,2024-01-04,C0067,SUB-ADDON,1,26.05,completed,web
O10031,2024-01-04,C0174,HW-SENSOR,5,997.31,completed,sales_assisted
O10032,2024-01-04,C0010,SUB-ADDON,4,109.65,completed,sales_assisted
O10033,2024-01-04,C0072,HW-CABLE,5,180.34,completed,web
O10034,2024-01-04,C0067,SUB-ADDON,2,56.87,completed,web
O10035,2024-01-05,C0076,SVC-TRAIN,1,677.27,completed,web
O10036,2024-01-05,C0112,SUB-PRO,2,222.68,completed,web
O10037,2024-01-05,C0187,SUB-ENTERPRISE,1,348.06,completed,web
O10038,2024-01-05,C0069,SUB-PRO,4,459.96,completed,web
O10039,2024-01-05,C0124,HW-CABLE,1,30.53,completed,web
O10040,2024-01-05,C0232,HW-SENSOR,3,625.61,completed,web
O10041,2024-01-05,C0148,SVC-IMPL,3,2435.59,completed,web
O10042,2024-01-05,C0029,HW-CABLE,3,103.6,completed,web
O10043,2024-01-06,C0085,SUB-PRO,1,121.54,completed,web
O10044,2024-01-06,C0072,SUB-ENTERPRISE,2,-423.19,refunded,web
O10045,2024-01-06,C0184,HW-GATEWAY,1,467.53,completed,sales_assisted
O10046,2024-01-06,C9999,SVC-IMPL,4,3063.41,completed,sales_assisted
O10047,2024-01-07,C0275,SUB-BASIC,5,250.17,completed,partner
O10048,2024-01-07,C0026,HW-SENSOR,3,640.65,completed,web
O10049,2024-01-07,C0269,SUB-ENTERPRISE,1,402.93,completed,web
O10050,2024-01-07,C0068,SVC-AUDIT,3,4110.87,completed,web
O10051,2024-01-07,C0167,SVC-AUDIT,2,2649.29,completed,sales_assisted
O10052,2024-01-07,C0269,SUB-PRO,4,,completed,sales_assisted
O10053,2024-01-08,C0019,SUB-BASIC,1,48.44,completed,web
O10054,2024-01-08,C0082,SVC-TRAIN,2,1109.31,completed,sales_assisted
O10055,2024-01-08,C0141,SUB-ENTERPRISE,1,410.75,completed,web
O10056,2024-01-08,C0006,SVC-RETAINER,1,1032.12,completed,web
O10057,2024-01-08,C0086,HW-SENSOR,4,-678.03,refunded,web
O10058,2024-01-08,C0264,HW-GATEWAY,5,2333.17,completed,web
O10059,2024-01-08,C0211,SUB-BASIC,4,195.05,completed,sales_assisted
O10060,2024-01-08,C0272,SUB-BASIC,1,-40.98,refunded,web
O10061,2024-01-09,C0052,HW-SENSOR,5,1130.72,completed,sales_assisted
O10062,2024-01-09,C0043,SVC-TRAIN,1,677.5,completed,web
O10063,2024-01-09,C0037,SVC-AUDIT,5,6693.22,completed,sales_assisted
O10064,2024-01-09,C0210,HW-BUNDLE,5,3471.79,completed,sales_assisted
O10065,2024-01-09,C0078,SUB-ENTERPRISE,3,1153.89,completed,partner
O10066,2024-01-09,C0227,SVC-TRAIN,5,3281.26,completed,web
O10067,2024-01-09,C0081,HW-BUNDLE,3,2353.15,completed,sales_assisted
O10068,2024-01-09,C0255,SVC-IMPL,5,4180.17,completed,sales_assisted
O10069,2024-01-09,C0213,SUB-ENTERPRISE,2,774.34,completed,web
O10070,2024-01-10,C0019,SVC-TRAIN,2,,completed,web
O10071,2024-01-10,C0247,HW-SENSOR,4,807.75,completed,web
O10072,2024-01-10,C0266,SVC-AUDIT,3,4617.93,completed,web
O10073,2024-01-10,C0114,HW-GATEWAY,1,458.11,completed,web
O10074,2024-01-10,C0056,SUB-PRO,1,134.4,completed,web
O10075,2024-01-10,C0201,SVC-AUDIT,1,1350.73,completed,sales_assisted
O10076,2024-01-10,C0252,SUB-BASIC,4,205.2,completed,partner
O10077,2024-01-10,C0107,SUB-ENTERPRISE,1,350.15,completed,sales_assisted
O10078,2024-01-10,C0039,SVC-IMPL,5,4380.08,completed,web
O10079,2024-01-11,C0007,SUB-BASIC,3,150.0,completed,sales_assisted
O10080,2024-01-11,C0021,SVC-RETAINER,2,2218.2,completed,sales_assisted
O10081,2024-01-11,C0067,HW-GATEWAY,1,498.39,completed,partner
O10082,2024-01-11,C0189,SUB-ENTERPRISE,1,360.26,completed,web
O10083,2024-01-11,C0049,SUB-ENTERPRISE,1,358.72,completed,partner
O10084,2024-01-11,C0090,SVC-TRAIN,5,2983.06,completed,web
O10085,2024-01-11,C0060,HW-SENSOR,2,456.72,completed,sales_assisted
O10086,2024-01-11,C0257,SVC-TRAIN,3,1848.84,completed,web
O10087,2024-01-11,C0036,SUB-PRO,2,225.78,completed,web
O10088,2024-01-11,C0167,SVC-TRAIN,5,2868.82,completed,web
O10089,2024-01-12,C0145,HW-CABLE,1,30.58,completed,web
O10090,2024-01-12,C0153,SUB-BASIC,1,45.57,completed,web
O10091,2024-01-12,C0185,HW-SENSOR,5,1115.03,completed,web
O10092,2024-01-12,C0163,SUB-PRO,5,592.29,completed,web
O10093,2024-01-12,C0137,SVC-AUDIT,4,5847.25,completed,sales_assisted
O10094,2024-01-12,C0021,HW-GATEWAY,2,900.09,completed,web
O10095,2024-01-12,C0099,SUB-ENTERPRISE,5,1807.83,completed,web
O10096,2024-01-12,C0106,SVC-AUDIT,3,4394.05,completed,partner
O10097,2024-01-13,C0226,SUB-ENTERPRISE,3,1127.84,completed,sales_assisted
O10098,2024-01-13,C0019,HW-BUNDLE,3,2340.03,completed,web
O10099,2024-01-13,C0152,SUB-BASIC,5,210.22,completed,partner
O10100,2024-01-13,C0271,SVC-IMPL,4,3774.1,completed,sales_assisted
O10101,2024-01-14,C0070,SVC-IMPL,5,4154.7,completed,web
O10102,2024-01-14,C0115,HW-BUNDLE,1,713.84,completed,web
O10103,2024-01-14,C0273,HW-SENSOR,4,808.26,completed,web
O10104,2024-01-14,C0061,SUB-PRO,5,634.36,completed,sales_assisted
O10105,2024-01-15,C0101,SVC-RETAINER,5,5337.37,completed,partner
O10106,2024-01-15,C0033,HW-SENSOR,2,432.77,completed,web
O10107,2024-01-15,C0058,SVC-AUDIT,2,2954.84,completed,web
O10108,2024-01-15,C0146,HW-CABLE,3,103.98,completed,sales_assisted
O10109,2024-01-15,C0252,HW-GATEWAY,2,877.53,completed,web
O10110,2024-01-15,C0151,HW-BUNDLE,4,2563.94,completed,partner
O10111,2024-01-15,C0200,HW-GATEWAY,2,995.7,completed,web
O10112,2024-01-15,C0262,SVC-RETAINER,3,3412.67,completed,web
O10113,2024-01-16,C0174,HW-CABLE,5,181.09,completed,partner
O10114,2024-01-16,C0235,HW-GATEWAY,5,2406.04,completed,web
O10115,2024-01-16,C0086,HW-BUNDLE,2,1468.45,completed,web
O10116,2024-01-16,C0244,HW-CABLE,2,62.56,completed,partner
O10117,2024-01-16,C0092,SVC-IMPL,1,766.35,completed,sales_assisted
O10118,2024-01-16,C0031,SVC-IMPL,2,1808.76,completed,web
O10119,2024-01-16,C0024,HW-CABLE,5,155.49,completed,web
O10120,2024-01-16,C0076,SUB-ENTERPRISE,5,2087.1,completed,web
O10121,2024-01-16,C0140,SVC-AUDIT,4,5424.76,completed,sales_assisted
O10122,2024-01-16,C0104,HW-SENSOR,4,779.04,completed,sales_assisted
O10123,2024-01-17,C0225,HW-GATEWAY,2,941.32,completed,partner
O10124,2024-01-17,C0169,SVC-AUDIT,3,3910.68,completed,partner
O10125,2024-01-17,C0041,HW-BUNDLE,2,1402.43,completed,sales_assisted
O10126,2024-01-17,C0251,SUB-BASIC,2,98.73,completed,sales_assisted
O10127,2024-01-17,C0146,HW-GATEWAY,2,959.77,completed,web
O10128,2024-01-17,C0043,HW-BUNDLE,5,3295.43,completed,web
O10129,2024-01-17,C0141,HW-CABLE,2,60.45,completed,web
O10130,2024-01-17,C0273,SUB-BASIC,3,147.72,completed,sales_assisted
O10131,2024-01-17,C0193,SUB-ENTERPRISE,2,701.74,completed,sales_assisted
O10132,2024-01-17,C0052,SUB-ADDON,3,88.2,completed,web
O10133,2024-01-18,C0164,SUB-BASIC,2,98.05,completed,sales_assisted
O10134,2024-01-18,C0233,HW-GATEWAY,2,858.08,completed,sales_assisted
O10135,2024-01-18,C0154,SVC-IMPL,1,780.48,completed,web
O10136,2024-01-18,C0242,HW-CABLE,1,36.68,completed,sales_assisted
O10137,2024-01-18,C0112,SVC-IMPL,3,2507.18,completed,partner
O10138,2024-01-18,C0251,SVC-AUDIT,3,4023.72,completed,web
O10139,2024-01-18,C0110,SUB-ADDON,4,111.74,completed,sales_assisted
O10140,2024-01-18,C0058,HW-CABLE,3,90.29,completed,web
O10141,2024-01-18,C0225,HW-SENSOR,2,,completed,sales_assisted
O10142,2024-01-19,C0083,HW-GATEWAY,2,867.97,completed,web
O10143,2024-01-19,C0239,SUB-BASIC,4,-89.23,refunded,partner
O10144,2024-01-19,C0093,HW-SENSOR,4,778.27,completed,web
O10145,2024-01-19,C0264,SVC-RETAINER,5,5171.38,completed,sales_assisted
O10146,2024-01-19,C0200,SUB-PRO,1,127.18,completed,web
O10147,2024-01-19,C0109,SVC-TRAIN,1,575.4,completed,partner
O10148,2024-01-19,C0049,SUB-ADDON,2,53.48,completed,web
O10149,2024-01-19,C0237,HW-BUNDLE,5,3341.54,completed,partner
O10150,2024-01-19,C0078,SVC-IMPL,1,784.33,completed,sales_assisted
O10151,2024-01-20,C0176,SUB-ADDON,5,145.12,completed,web
O10152,2024-01-20,C0026,SVC-AUDIT,3,4186.14,completed,partner
O10153,2024-01-20,C0224,SUB-ENTERPRISE,3,1210.45,completed,partner
O10154,2024-01-20,C0209,SUB-PRO,3,404.1,completed,web
O10155,2024-01-20,C0280,SUB-PRO,3,338.86,completed,web
O10156,2024-01-21,C0205,HW-GATEWAY,5,2322.88,completed,web
O10157,2024-01-21,C0128,HW-GATEWAY,5,2484.85,completed,web
O10158,2024-01-21,C0022,HW-CABLE,2,65.81,completed,web
O10159,2024-01-21,C0213,HW-BUNDLE,2,1371.21,completed,web
O10160,2024-01-21,C0232,HW-SENSOR,1,194.31,completed,web
O10161,2024-01-21,C0103,SUB-BASIC,4,196.22,completed,sales_assisted
O10162,2024-01-22,C0156,SUB-UNKNOWN,1,639.46,completed,partner
O10163,2024-01-22,C0263,HW-BUNDLE,2,1552.17,completed,web
O10164,2024-01-22,C0061,SVC-TRAIN,5,-2646.72,refunded,partner
O10165,2024-01-22,C0174,SUB-BASIC,3,-120.9,refunded,web
O10166,2024-01-22,C0066,SVC-AUDIT,5,7222.62,completed,web
O10167,2024-01-22,C0202,HW-GATEWAY,4,1822.69,completed,partner
O10168,2024-01-22,C0118,SVC-IMPL,4,3195.08,completed,partner
O10169,2024-01-22,C0192,SUB-BASIC,2,85.28,completed,web
O10170,2024-01-22,C0073,HW-GATEWAY,4,1865.17,completed,web
O10171,2024-01-23,C0067,SUB-ADDON,1,29.26,completed,web
O10172,2024-01-23,C0156,HW-BUNDLE,2,-1094.98,refunded,web
O10173,2024-01-23,C0044,HW-CABLE,3,103.28,completed,sales_assisted
O10174,2024-01-23,C0166,SVC-RETAINER,1,1130.81,completed,web
O10175,2024-01-23,C0104,SVC-TRAIN,3,1791.72,completed,partner
O10176,2024-01-23,C0049,SUB-ENTERPRISE,3,1211.12,completed,web
O10177,2024-01-23,C0051,SUB-BASIC,5,239.33,completed,web
O10178,2024-01-23,C0225,SUB-BASIC,1,46.89,completed,partner
O10179,2024-01-23,C0037,SUB-ADDON,2,52.8,completed,web
O10180,2024-01-23,C0201,HW-CABLE,5,178.06,completed,web
O10181,2024-01-24,C0155,SUB-BASIC,1,46.89,completed,sales_assisted
O10182,2024-01-24,C0065,SVC-AUDIT,4,5175.74,completed,web
O10183,2024-01-24,C0176,SUB-PRO,1,117.03,completed,web
O10184,2024-01-24,C0179,SVC-TRAIN,1,660.4,completed,sales_assisted
O10185,2024-01-24,C0254,SVC-RETAINER,5,5252.32,completed,web
O10186,2024-01-24,C0088,SVC-TRAIN,5,3394.17,completed,web
O10187,2024-01-24,C0024,SVC-RETAINER,3,3338.17,completed,web
O10188,2024-01-24,C0016,SVC-RETAINER,4,4828.68,completed,partner
O10189,2024-01-25,C0148,SVC-RETAINER,1,1057.81,completed,partner
O10190,2024-01-25,C0178,SUB-BASIC,2,93.41,completed,partner
O10191,2024-01-25,C0243,HW-CABLE,3,92.48,completed,web
O10192,2024-01-25,C0139,SVC-AUDIT,3,4646.2,completed,sales_assisted
O10193,2024-01-25,C0171,HW-CABLE,3,102.22,completed,partner
O10194,2024-01-25,C0080,HW-CABLE,2,60.77,completed,web
O10195,2024-01-25,C0196,SVC-AUDIT,5,7531.16,completed,web
O10196,2024-01-25,C0196,SVC-TRAIN,2,1274.83,completed,web
O10197,2024-01-26,C0141,SUB-BASIC,4,173.22,completed,web
O10198,2024-01-26,C0135,SUB-ENTERPRISE,3,1141.83,completed,web
O10199,2024-01-26,C0050,HW-CABLE,5,165.77,completed,web
O10200,2024-01-26,C0197,SUB-PRO,4,462.13,completed,web
O10201,2024-01-26,C0037,SVC-AUDIT,5,7078.51,completed,web
O10202,2024-01-26,C0012,SVC-IMPL,5,4408.37,completed,web
O10203,2024-01-26,C0066,SVC-AUDIT,4,6127.47,completed,web
O10204,2024-01-26,C0104,HW-CABLE,4,145.9,completed,web
O10205,2024-01-26,C0271,SVC-RETAINER,5,5706.91,completed,web
O10206,2024-01-26,C0179,HW-BUNDLE,3,1971.52,completed,sales_assisted
O10207,2024-01-27,C0095,SUB-BASIC,2,88.64,completed,partner
O10208,2024-01-27,C0071,SVC-AUDIT,1,1334.3,completed,web
O10209,2024-01-27,C0257,SVC-IMPL,4,3569.87,completed,web
O10210,2024-01-27,C0254,SUB-BASIC,3,129.28,completed,web
O10211,2024-01-27,C0077,SVC-IMPL,4,3567.62,completed,web
O10212,2024-01-27,C0270,HW-GATEWAY,4,1919.23,completed,web
O10213,2024-01-28,C0137,SVC-RETAINER,2,2213.19,completed,web
O10214,2024-01-28,C0218,SUB-PRO,4,516.18,completed,web
O10215,2024-01-28,C0217,SUB-PRO,1,120.97,completed,web
O10216,2024-01-28,C0098,SUB-PRO,3,400.93,completed,sales_assisted
O10217,2024-01-28,C0102,SUB-ADDON,5,152.22,completed,partner
O10218,2024-01-29,C0186,HW-BUNDLE,4,2826.56,completed,web
O10219,2024-01-29,C0037,SVC-IMPL,3,2514.98,completed,sales_assisted
O10220,2024-01-29,C0237,HW-BUNDLE,5,3268.99,completed,sales_assisted
O10221,2024-01-29,C0238,SUB-ENTERPRISE,4,1635.23,completed,web
O10222,2024-01-29,C0044,SUB-PRO,3,349.7,completed,partner
O10223,2024-01-29,C0261,SUB-ENTERPRISE,5,1813.97,completed,web
O10224,2024-01-29,C0259,SUB-BASIC,1,50.95,completed,sales_assisted
O10225,2024-01-29,C0206,SUB-ADDON,4,102.67,completed,web
O10226,2024-01-29,C0237,SVC-RETAINER,5,5268.07,completed,sales_assisted
O10227,2024-01-29,C0021,SUB-BASIC,5,255.51,completed,web
O10228,2024-01-30,C0209,HW-BUNDLE,4,3015.47,completed,web
O10229,2024-01-30,C0110,HW-GATEWAY,5,-1591.07,refunded,partner
O10230,2024-01-30,C0023,SVC-TRAIN,2,1239.92,completed,web
O10231,2024-01-30,C0187,HW-SENSOR,2,439.74,completed,web
O10232,2024-01-30,C0075,SVC-AUDIT,3,4256.48,completed,sales_assisted
O10233,2024-01-30,C0122,SVC-AUDIT,4,6279.58,completed,web
O10234,2024-01-30,C0231,SVC-RETAINER,1,1195.16,completed,web
O10235,2024-01-30,C0095,SVC-RETAINER,3,3204.4,completed,web
O10236,2024-01-31,C0197,SVC-AUDIT,4,6189.13,completed,web
O10237,2024-01-31,C0030,SVC-RETAINER,1,1052.41,completed,web
O10238,2024-01-31,C0136,SUB-PRO,2,262.99,completed,web
O10239,2024-01-31,C0122,HW-GATEWAY,4,1932.64,completed,partner
O10240,2024-01-31,C0093,HW-CABLE,5,178.44,completed,web
O10241,2024-01-31,C0222,HW-SENSOR,3,642.7,completed,web
O10242,2024-01-31,C0123,HW-BUNDLE,4,3113.11,completed,web
O10243,2024-01-31,C0239,SVC-IMPL,1,899.06,completed,sales_assisted
O10244,2024-02-01,C0016,SUB-ENTERPRISE,3,1074.51,completed,web
O10245,2024-02-01,C0099,SVC-TRAIN,3,1811.59,completed,partner
O10246,2024-02-01,C0271,SVC-AUDIT,4,5913.57,completed,web
O10247,2024-02-01,C0085,SUB-BASIC,4,204.26,completed,partner
O10248,2024-02-01,C0161,SVC-AUDIT,2,2932.93,completed,partner
O10249,2024-02-01,C0082,HW-BUNDLE,1,699.36,completed,web
O10250,2024-02-01,C0146,SVC-IMPL,4,3765.58,completed,web
O10251,2024-02-01,C0144,HW-CABLE,4,128.43,completed,sales_assisted
O10252,2024-02-01,C0092,SUB-ENTERPRISE,5,1783.59,completed,sales_assisted
O10253,2024-02-01,C0127,HW-SENSOR,3,568.29,completed,partner
O10254,2024-02-01,C0060,HW-BUNDLE,5,3896.36,completed,sales_assisted
O10255,2024-02-02,C0162,SVC-TRAIN,3,1948.47,completed,web
O10256,2024-02-02,C0065,SVC-RETAINER,3,3621.07,completed,web
O10257,2024-02-02,C0088,SVC-AUDIT,2,2976.01,completed,sales_assisted
O10258,2024-02-02,C0245,SUB-PRO,3,365.8,completed,sales_assisted
O10259,2024-02-02,C0064,SUB-ADDON,1,29.36,completed,sales_assisted
O10260,2024-02-02,C0190,SUB-PRO,1,134.74,completed,partner
O10261,2024-02-02,C0082,SVC-TRAIN,5,2900.15,completed,web
O10262,2024-02-02,C0123,HW-BUNDLE,1,785.97,completed,web
O10263,2024-02-02,C0234,SUB-PRO,4,518.52,completed,partner
O10264,2024-02-02,C0244,SUB-PRO,4,492.48,completed,web
O10265,2024-02-02,C0110,SVC-AUDIT,1,1325.91,completed,web
O10266,2024-02-03,C0131,SUB-BASIC,4,199.61,completed,sales_assisted
O10267,2024-02-03,C0055,HW-SENSOR,5,952.1,completed,web
O10268,2024-02-03,C0167,SVC-IMPL,3,2786.29,completed,sales_assisted
O10269,2024-02-03,C0079,SUB-ENTERPRISE,2,766.76,completed,sales_assisted
O10270,2024-02-03,C0135,HW-SENSOR,5,1087.58,completed,sales_assisted
O10271,2024-02-03,C0060,HW-SENSOR,1,206.66,completed,web
O10272,2024-02-03,C0267,HW-SENSOR,2,439.38,completed,sales_assisted
O10273,2024-02-04,C0245,HW-SENSOR,1,207.79,completed,sales_assisted
O10274,2024-02-04,C0240,SVC-TRAIN,5,3082.18,completed,sales_assisted
O10275,2024-02-04,C0028,HW-GATEWAY,1,457.51,completed,partner
O10276,2024-02-04,C0222,SVC-RETAINER,3,3397.19,completed,web
O10277,2024-02-04,C0267,SVC-IMPL,3,-1546.67,refunded,sales_assisted
O10278,2024-02-04,C0244,SVC-AUDIT,4,5138.58,completed,web
O10279,2024-02-04,C0068,SUB-ENTERPRISE,5,1945.78,completed,sales_assisted
O10280,2024-02-05,C0005,SVC-AUDIT,2,2688.41,completed,web
O10281,2024-02-05,C0090,HW-BUNDLE,4,3059.84,completed,web
O10282,2024-02-05,C0029,SVC-AUDIT,2,2707.72,completed,partner
O10283,2024-02-05,C0142,SUB-ENTERPRISE,5,1905.93,completed,partner
O10284,2024-02-05,C0180,SUB-ENTERPRISE,2,762.66,completed,web
O10285,2024-02-05,C0219,SVC-IMPL,3,2827.24,completed,partner
O10286,2024-02-05,C0032,SVC-IMPL,5,4113.77,completed,sales_assisted
O10287,2024-02-05,C0216,SUB-PRO,3,378.23,completed,sales_assisted
O10288,2024-02-05,C0203,HW-SENSOR,3,577.79,completed,partner
O10289,2024-02-05,C0084,SVC-AUDIT,3,,completed,sales_assisted
O10290,2024-02-06,C0071,SVC-AUDIT,2,2656.2,completed,web
O10291,2024-02-06,C0071,SVC-TRAIN,1,-571.14,refunded,web
O10292,2024-02-06,C0114,SUB-PRO,4,484.49,completed,web
O10293,2024-02-06,C0132,HW-GATEWAY,4,1636.23,completed,partner
O10294,2024-02-06,C0167,HW-BUNDLE,3,1980.02,completed,sales_assisted
O10295,2024-02-06,C0206,SUB-BASIC,1,50.99,completed,web
O10296,2024-02-06,C0170,SVC-RETAINER,3,3318.96,completed,web
O10297,2024-02-06,C0125,SVC-AUDIT,3,3841.59,completed,sales_assisted
O10298,2024-02-06,C0201,SVC-RETAINER,4,4825.58,completed,sales_assisted
O10299,2024-02-06,C0163,SVC-AUDIT,5,7280.11,completed,web
O10300,2024-02-07,C0188,SVC-AUDIT,3,4197.54,completed,sales_assisted
O10301,2024-02-07,C0161,SUB-PRO,5,574.22,completed,web
O10302,2024-02-07,C0005,SUB-PRO,3,329.88,completed,partner
O10303,2024-02-07,C0007,SUB-PRO,5,673.47,completed,web
O10304,2024-02-07,C0066,HW-CABLE,1,34.05,completed,sales_assisted
O10305,2024-02-07,C0248,SUB-ADDON,1,28.94,completed,sales_assisted
O10306,2024-02-07,C0237,HW-BUNDLE,3,2141.92,completed,partner
O10307,2024-02-07,C0015,HW-SENSOR,4,812.94,completed,web
O10308,2024-02-07,C0038,SUB-PRO,3,385.77,completed,partner
O10309,2024-02-07,C0172,SVC-TRAIN,2,1326.45,completed,sales_assisted
O10310,2024-02-07,C0205,SVC-IMPL,1,889.73,completed,web
O10311,2024-02-08,C0010,HW-GATEWAY,4,1762.46,completed,web
O10312,2024-02-08,C0230,SVC-IMPL,4,3265.29,completed,sales_assisted
O10313,2024-02-08,C0125,HW-GATEWAY,2,901.71,completed,sales_assisted
O10314,2024-02-08,C0052,SUB-PRO,1,132.49,completed,web
O10315,2024-02-08,C0278,SVC-AUDIT,1,1289.21,completed,web
O10316,2024-02-08,C0241,SVC-IMPL,3,2518.75,completed,web
O10317,2024-02-08,C0159,SVC-TRAIN,4,2404.33,completed,web
O10318,2024-02-08,C0237,HW-CABLE,1,31.49,completed,web
O10319,2024-02-08,C0158,SVC-RETAINER,1,1147.31,completed,web
O10320,2024-02-08,C0143,SVC-TRAIN,3,1791.98,completed,web
O10321,2024-02-09,C0167,HW-BUNDLE,5,3204.2,completed,sales_assisted
O10322,2024-02-09,C0024,HW-BUNDLE,4,2929.41,completed,partner
O10323,2024-02-09,C0038,SVC-IMPL,1,845.09,completed,web
O10324,2024-02-09,C0262,HW-SENSOR,1,187.71,completed,sales_assisted
O10325,2024-02-09,C0008,HW-CABLE,2,66.22,completed,web
O10326,2024-02-09,C0033,SUB-PRO,2,268.08,completed,web
O10327,2024-02-09,C0165,SUB-PRO,1,120.58,completed,web
O10328,2024-02-09,C0072,SVC-IMPL,5,4279.09,completed,web
O10329,2024-02-09,C0127,HW-CABLE,2,71.48,completed,web
O10330,2024-02-09,C0262,HW-GATEWAY,2,873.87,completed,web
O10331,2024-02-10,C0092,SVC-IMPL,4,3190.55,completed,web
O10332,2024-02-10,C0223,SUB-BASIC,2,90.14,completed,web
O10333,2024-02-10,C0085,SVC-RETAINER,1,1157.27,completed,partner
O10334,2024-02-10,C0129,SVC-IMPL,2,1544.03,completed,web
O10335,2024-02-10,C0074,SUB-ADDON,4,101.63,completed,partner
O10336,2024-02-10,C0206,SUB-ADDON,4,115.08,completed,partner
O10337,2024-02-11,C0175,HW-GATEWAY,1,457.84,completed,web
O10338,2024-02-11,C0256,SUB-PRO,2,267.17,completed,web
O10339,2024-02-11,C0190,HW-SENSOR,1,197.57,completed,web
O10340,2024-02-11,C0177,SVC-RETAINER,2,2221.74,completed,web
O10341,2024-02-11,C0053,HW-CABLE,2,-31.67,refunded,sales_assisted
O10342,2024-02-11,C0263,HW-GATEWAY,2,912.81,completed,web
O10343,2024-02-11,C0153,SUB-PRO,4,517.52,completed,partner
O10344,2024-02-12,C0197,SUB-ENTERPRISE,4,1614.0,completed,partner
O10345,2024-02-12,C0063,HW-SENSOR,5,1104.42,completed,sales_assisted
O10346,2024-02-12,C0185,HW-CABLE,1,35.14,completed,sales_assisted
O10347,2024-02-12,C0027,HW-SENSOR,2,398.28,completed,web
O10348,2024-02-12,C0126,SUB-ADDON,3,78.56,completed,web
O10349,2024-02-12,C0193,SVC-IMPL,1,925.87,completed,web
O10350,2024-02-12,C0068,SVC-TRAIN,3,1820.42,completed,web
O10351,2024-02-12,C0251,HW-GATEWAY,4,1849.26,completed,sales_assisted
O10352,2024-02-12,C0187,HW-GATEWAY,2,1002.2,completed,partner
O10353,2024-02-12,C0105,SUB-BASIC,1,46.81,completed,sales_assisted
O10354,2024-02-13,C0056,SVC-IMPL,2,1864.66,completed,sales_assisted
O10355,2024-02-13,C0031,HW-GATEWAY,4,1654.6,completed,sales_assisted
O10356,2024-02-13,C0071,SVC-AUDIT,3,4057.7,completed,web
O10357,2024-02-13,C0248,SUB-ADDON,5,149.2,completed,web
O10358,2024-02-13,C0186,HW-CABLE,2,65.7,completed,web
O10359,2024-02-13,C0084,HW-SENSOR,5,1035.18,completed,web
O10360,2024-02-13,C0026,SVC-AUDIT,5,6546.03,completed,partner
O10361,2024-02-13,C0207,SVC-RETAINER,2,2210.48,completed,web
O10362,2024-02-13,C0011,SVC-IMPL,3,2431.79,completed,web
O10363,2024-02-13,C0253,SUB-BASIC,1,48.06,completed,sales_assisted
O10364,2024-02-14,C0254,HW-SENSOR,5,1099.67,completed,web
O10365,2024-02-14,C0093,SUB-PRO,5,617.55,completed,web
O10366,2024-02-14,C0082,SUB-ADDON,2,52.25,completed,web
O10367,2024-02-14,C0165,SUB-PRO,2,239.33,completed,web
O10368,2024-02-14,C0230,SUB-ENTERPRISE,4,1477.53,completed,partner
O10369,2024-02-14,C0248,HW-BUNDLE,1,756.55,completed,web
O10370,2024-02-14,C0136,SVC-IMPL,4,3770.43,completed,web
O10371,2024-02-14,C0202,SVC-RETAINER,1,1200.36,completed,sales_assisted
O10372,2024-02-14,C0073,SUB-ENTERPRISE,5,1946.7,completed,sales_assisted
O10373,2024-02-14,C0151,SUB-PRO,3,331.77,completed,web
O10374,2024-02-14,C0150,SUB-BASIC,5,240.02,completed,web
O10375,2024-02-15,C0174,SUB-BASIC,4,174.61,completed,partner
O10376,2024-02-15,C0227,SUB-BASIC,1,44.51,completed,sales_assisted
O10377,2024-02-15,C0131,SUB-ENTERPRISE,4,1454.8,completed,web
O10378,2024-02-15,C0151,HW-CABLE,4,119.14,completed,partner
O10379,2024-02-15,C0209,HW-SENSOR,4,831.01,completed,web
O10380,2024-02-15,C0267,HW-SENSOR,4,823.88,completed,partner
O10381,2024-02-15,C0078,HW-BUNDLE,5,3246.56,completed,web
O10382,2024-02-15,C0008,HW-BUNDLE,1,663.68,completed,web
O10383,2024-02-15,C0034,SUB-ENTERPRISE,5,1708.75,completed,web
O10384,2024-02-15,C0277,SVC-RETAINER,2,2513.29,completed,web
O10385,2024-02-15,C0159,HW-SENSOR,3,626.74,completed,web
O10386,2024-02-15,C0213,HW-BUNDLE,2,1403.52,completed,partner
O10387,2024-02-16,C0080,HW-CABLE,3,90.7,completed,web
O10388,2024-02-16,C0216,SUB-ADDON,4,105.28,completed,web
O10389,2024-02-16,C0064,HW-GATEWAY,4,-722.73,refunded,partner
O10390,2024-02-16,C0031,HW-GATEWAY,2,921.27,completed,sales_assisted
O10391,2024-02-16,C0185,SUB-PRO,1,135.17,completed,sales_assisted
O10392,2024-02-16,C0090,SVC-IMPL,1,850.98,completed,sales_assisted
O10393,2024-02-16,C0046,SUB-PRO,4,481.8,completed,web
O10394,2024-02-16,C0180,SVC-IMPL,3,2471.53,completed,web
O10395,2024-02-16,C0046,HW-BUNDLE,1,768.32,completed,web
O10396,2024-02-16,C0232,SVC-IMPL,4,3670.32,completed,web
O10397,2024-02-17,C0280,HW-BUNDLE,1,751.84,completed,web
O10398,2024-02-17,C0145,HW-CABLE,1,33.89,completed,web
O10399,2024-02-17,C0276,HW-BUNDLE,1,726.78,completed,web
O10400,2024-02-17,C0244,HW-GATEWAY,3,1383.91,completed,sales_assisted
O10401,2024-02-17,C0115,SUB-ADDON,4,119.31,completed,web
O10402,2024-02-17,C0195,SVC-AUDIT,4,5495.74,completed,sales_assisted
O10403,2024-02-17,C0094,SUB-PRO,5,602.03,completed,web
O10404,2024-02-18,C0028,HW-CABLE,2,66.89,completed,partner
O10405,2024-02-18,C0027,SUB-ENTERPRISE,1,400.22,completed,partner
O10406,2024-02-18,C0271,SUB-ENTERPRISE,4,1378.5,completed,sales_assisted
O10407,2024-02-18,C0009,HW-GATEWAY,1,476.96,completed,web
O10408,2024-02-18,C0017,SUB-BASIC,4,204.11,completed,sales_assisted
O10409,2024-02-18,C0138,SUB-PRO,4,541.56,completed,web
O10410,2024-02-18,C0163,HW-BUNDLE,3,2129.12,completed,web
O10411,2024-02-19,C0082,SVC-IMPL,3,,completed,sales_assisted
O10412,2024-02-19,C0225,SUB-PRO,2,251.54,completed,sales_assisted
O10413,2024-02-19,C0060,HW-GATEWAY,1,434.22,completed,partner
O10414,2024-02-19,C0223,SVC-RETAINER,2,2324.29,completed,sales_assisted
O10415,2024-02-19,C0247,SVC-TRAIN,5,3148.25,completed,web
O10416,2024-02-19,C0198,SUB-BASIC,5,243.69,completed,web
O10417,2024-02-19,C0265,SUB-PRO,1,113.34,completed,web
O10418,2024-02-19,C0226,HW-SENSOR,2,394.67,completed,web
O10419,2024-02-19,C0158,SUB-ENTERPRISE,5,1848.7,completed,sales_assisted
O10420,2024-02-19,C0036,SUB-ADDON,5,151.06,completed,web
O10421,2024-02-19,C0123,SVC-IMPL,5,4620.3,completed,sales_assisted
O10422,2024-02-20,C0180,SVC-RETAINER,5,5698.32,completed,sales_assisted
O10423,2024-02-20,C0268,SVC-RETAINER,3,3259.58,completed,partner
O10424,2024-02-20,C0210,HW-CABLE,5,167.38,completed,web
O10425,2024-02-20,C0074,HW-BUNDLE,5,3260.06,completed,sales_assisted
O10426,2024-02-20,C0145,SUB-BASIC,1,43.87,completed,web
O10427,2024-02-20,C0178,SVC-AUDIT,2,2770.86,completed,partner
O10428,2024-02-20,C0023,SVC-RETAINER,1,1239.22,completed,sales_assisted
O10429,2024-02-20,C0088,SVC-RETAINER,3,3520.23,completed,web
O10430,2024-02-20,C0009,HW-CABLE,5,169.25,completed,web
O10431,2024-02-20,C0187,SUB-ENTERPRISE,5,1898.12,completed,web
O10432,2024-02-20,C0245,SVC-IMPL,2,1719.92,completed,partner
O10433,2024-02-21,C0012,HW-SENSOR,2,399.87,completed,web
O10434,2024-02-21,C0067,HW-BUNDLE,4,2721.13,completed,web
O10435,2024-02-21,C0234,SVC-IMPL,2,1696.94,completed,sales_assisted
O10436,2024-02-21,C0058,HW-GATEWAY,1,457.59,completed,web
O10437,2024-02-21,C0233,HW-BUNDLE,1,652.49,completed,partner
O10438,2024-02-21,C0256,HW-CABLE,4,140.03,completed,web
O10439,2024-02-21,C0103,SUB-ADDON,4,114.76,completed,web
O10440,2024-02-21,C0100,SVC-AUDIT,2,3051.72,completed,web
O10441,2024-02-21,C0068,SVC-RETAINER,1,1126.86,completed,web
O10442,2024-02-21,C0230,SVC-RETAINER,1,1204.24,completed,sales_assisted
O10443,2024-02-21,C0130,HW-GATEWAY,1,436.36,completed,web
O10444,2024-02-22,C0026,HW-BUNDLE,5,3900.5,completed,sales_assisted
O10445,2024-02-22,C0199,SUB-ADDON,4,99.33,completed,sales_assisted
O10446,2024-02-22,C0254,HW-CABLE,2,68.82,completed,partner
O10447,2024-02-22,C0036,HW-SENSOR,3,663.02,completed,web
O10448,2024-02-22,C0093,SUB-ADDON,1,29.64,completed,partner
O10449,2024-02-22,C0084,SUB-ADDON,5,129.87,completed,sales_assisted
O10450,2024-02-22,C0205,SUB-ADDON,3,83.7,completed,web
O10451,2024-02-22,C0106,SVC-IMPL,5,4271.91,completed,sales_assisted
O10452,2024-02-22,C0139,HW-BUNDLE,3,2105.37,completed,web
O10453,2024-02-22,C0001,HW-GATEWAY,2,953.59,completed,sales_assisted
O10454,2024-02-22,C0021,HW-BUNDLE,5,3405.79,completed,sales_assisted
O10455,2024-02-23,C0100,SUB-PRO,4,525.94,completed,web
O10456,2024-02-23,C0231,SUB-ADDON,2,54.55,completed,web
O10457,2024-02-23,C0086,SUB-ADDON,3,75.79,completed,sales_assisted
O10458,2024-02-23,C0163,HW-CABLE,5,157.36,completed,sales_assisted
O10459,2024-02-23,C0073,HW-CABLE,5,151.2,completed,web
O10460,2024-02-23,C0013,SUB-ADDON,3,80.89,completed,sales_assisted
O10461,2024-02-23,C0010,SUB-ENTERPRISE,3,1130.48,completed,sales_assisted
O10462,2024-02-23,C0180,HW-BUNDLE,4,3062.19,completed,sales_assisted
O10463,2024-02-23,C0064,HW-SENSOR,2,439.05,completed,sales_assisted
O10464,2024-02-23,C0139,SVC-TRAIN,3,2027.47,completed,partner
O10465,2024-02-23,C0235,HW-BUNDLE,5,3843.64,completed,sales_assisted
O10466,2024-02-23,C0062,SUB-ADDON,5,148.5,completed,web
O10467,2024-02-24,C0134,HW-SENSOR,4,872.88,completed,partner
O10468,2024-02-24,C0124,SVC-RETAINER,2,2121.79,completed,partner
O10469,2024-02-24,C0149,HW-CABLE,2,61.45,completed,web
O10470,2024-02-24,C0007,SVC-AUDIT,3,-3461.61,refunded,web
O10471,2024-02-24,C0168,SUB-ENTERPRISE,2,743.79,completed,sales_assisted
O10472,2024-02-24,C0050,SVC-IMPL,4,3158.4,completed,partner
O10473,2024-02-24,C0238,SUB-ADDON,4,111.48,completed,web
O10474,2024-02-25,C0167,HW-BUNDLE,4,2867.78,completed,sales_assisted
O10475,2024-02-25,C0215,HW-GATEWAY,1,489.06,completed,sales_assisted
O10476,2024-02-25,C0024,SVC-IMPL,3,2406.39,completed,web
O10477,2024-02-25,C0117,HW-SENSOR,1,196.91,completed,sales_assisted
O10478,2024-02-25,C0099,HW-GATEWAY,3,1453.68,completed,sales_assisted
O10479,2024-02-25,C0105,SVC-IMPL,4,3438.07,completed,partner
O10480,2024-02-26,C0034,SVC-AUDIT,2,2593.47,completed,web
O10481,2024-02-26,C0259,HW-CABLE,1,36.69,completed,sales_assisted
O10482,2024-02-26,C0225,SVC-RETAINER,5,5158.65,completed,web
O10483,2024-02-26,C0225,SVC-AUDIT,3,,completed,web
O10484,2024-02-26,C0259,SVC-IMPL,1,879.8,completed,web
O10485,2024-02-26,C0264,HW-SENSOR,2,421.45,completed,web
O10486,2024-02-26,C0225,SUB-PRO,5,557.94,completed,partner
O10487,2024-02-26,C0084,SUB-PRO,1,125.82,completed,sales_assisted
O10488,2024-02-26,C0101,SVC-TRAIN,4,2729.08,completed,web
O10489,2024-02-26,C0091,HW-GATEWAY,4,1725.99,completed,sales_assisted
O10490,2024-02-26,C0112,SUB-ENTERPRISE,1,352.38,completed,partner
O10491,2024-02-27,C0030,SVC-TRAIN,1,556.18,completed,web
O10492,2024-02-27,C0163,SUB-BASIC,2,101.4,completed,sales_assisted
O10493,2024-02-27,C0038,SUB-ENTERPRISE,1,415.43,completed,sales_assisted
O10494,2024-02-27,C0199,SUB-BASIC,2,99.23,completed,web
O10495,2024-02-27,C0226,HW-BUNDLE,3,2120.76,completed,sales_assisted
O10496,2024-02-27,C0089,SVC-TRAIN,5,2938.31,completed,web
O10497,2024-02-27,C0026,SUB-ADDON,4,108.65,completed,web
O10498,2024-02-27,C0250,HW-SENSOR,2,394.46,completed,sales_assisted
O10499,2024-02-27,C0190,HW-BUNDLE,2,1389.07,completed,sales_assisted
O10500,2024-02-27,C0198,SUB-BASIC,3,152.57,completed,web
O10501,2024-02-28,C0231,SVC-RETAINER,1,1119.46,completed,web
O10502,2024-02-28,C0052,SUB-ADDON,1,27.06,completed,web
O10503,2024-02-28,C0247,HW-GATEWAY,2,822.95,completed,web
O10504,2024-02-28,C0220,HW-SENSOR,1,197.98,completed,web
O10505,2024-02-28,C0098,SUB-PRO,1,-61.29,refunded,web
O10506,2024-02-28,C0226,HW-CABLE,3,96.16,completed,web
O10507,2024-02-28,C0148,SUB-PRO,3,337.33,completed,web
O10508,2024-02-28,C0025,SVC-AUDIT,5,7301.49,completed,partner
O10509,2024-02-28,C0090,SVC-AUDIT,2,2672.41,completed,web
O10510,2024-02-28,C0075,SVC-RETAINER,2,2487.0,completed,partner
O10511,2024-02-28,C0068,HW-CABLE,4,146.1,completed,partner
O10512,2024-02-28,C0090,HW-BUNDLE,3,2229.48,completed,web
O10513,2024-02-29,C0118,SUB-BASIC,3,129.51,completed,partner
O10514,2024-02-29,C0074,SVC-IMPL,2,-938.52,refunded,sales_assisted
O10515,2024-02-29,C0081,SVC-IMPL,1,871.16,completed,sales_assisted
O10516,2024-02-29,C0226,SUB-ENTERPRISE,2,773.15,completed,sales_assisted
O10517,2024-02-29,C0056,SUB-ENTERPRISE,5,1961.82,completed,web
O10518,2024-02-29,C0254,SUB-PRO,5,549.69,completed,web
O10519,2024-02-29,C0259,SUB-BASIC,5,216.51,completed,web
O10520,2024-02-29,C0143,HW-GATEWAY,3,1499.82,completed,web
O10521,2024-02-29,C0144,SUB-ENTERPRISE,4,1403.82,completed,web
O10522,2024-02-29,C0234,HW-CABLE,4,119.33,completed,partner
O10523,2024-03-01,C0145,HW-SENSOR,5,1100.0,completed,web
O10524,2024-03-01,C0222,SVC-TRAIN,3,1782.48,completed,sales_assisted
O10525,2024-03-01,C0093,SVC-IMPL,2,1764.29,completed,partner
O10526,2024-03-01,C0141,HW-GATEWAY,4,1920.0,completed,sales_assisted
O10527,2024-03-01,C0235,HW-GATEWAY,5,2400.0,completed,web
O10528,2024-03-01,C0093,SVC-IMPL,4,3107.77,completed,web
O10529,2024-03-01,C0185,SVC-AUDIT,5,7290.61,completed,sales_assisted
O10530,2024-03-01,C0174,HW-CABLE,3,105.0,completed,web
O10531,2024-03-02,C0264,SVC-AUDIT,2,3137.55,completed,sales_assisted
O10532,2024-03-02,C0204,SVC-RETAINER,3,3596.89,completed,sales_assisted
O10533,2024-03-02,C0195,HW-CABLE,4,140.0,completed,sales_assisted
O10534,2024-03-02,C0246,HW-GATEWAY,3,1440.0,completed,web
O10535,2024-03-02,C0224,SVC-AUDIT,4,6237.78,completed,web
O10536,2024-03-02,C0077,SVC-RETAINER,2,2396.32,completed,sales_assisted
O10537,2024-03-03,C0218,SVC-RETAINER,3,3252.19,completed,sales_assisted
O10538,2024-03-03,C0221,SUB-PRO,2,260.06,completed,web
O10539,2024-03-03,C0131,SUB-ADDON,1,28.75,completed,web
O10540,2024-03-03,C0167,SUB-PRO,4,484.77,completed,partner
O10541,2024-03-04,C0001,SUB-PRO,2,266.7,completed,partner
O10542,2024-03-04,C0172,HW-GATEWAY,1,470.25,completed,sales_assisted
O10543,2024-03-04,C0129,SUB-ENTERPRISE,3,1053.76,completed,web
O10544,2024-03-04,C0277,HW-GATEWAY,4,1920.0,completed,partner
O10545,2024-03-04,C0205,SUB-BASIC,1,45.67,completed,sales_assisted
O10546,2024-03-04,C0197,SUB-PRO,3,330.21,completed,sales_assisted
O10547,2024-03-04,C0271,HW-BUNDLE,2,1500.0,completed,sales_assisted
O10548,2024-03-04,C0010,SUB-BASIC,4,177.08,completed,web
O10549,2024-03-04,C0095,HW-SENSOR,3,660.0,completed,web
O10550,2024-03-04,C0239,SUB-BASIC,3,141.03,completed,partner
O10551,2024-03-05,C0052,SVC-IMPL,5,4693.12,completed,web
O10552,2024-03-05,C0260,SVC-AUDIT,2,2704.61,completed,partner
O10553,2024-03-05,C0235,SUB-ENTERPRISE,1,415.71,completed,sales_assisted
O10554,2024-03-05,C0139,SUB-PRO,3,378.98,completed,partner
O10555,2024-03-05,C0205,SUB-BASIC,2,88.3,completed,sales_assisted
O10556,2024-03-05,C0216,HW-BUNDLE,3,1984.27,completed,web
O10557,2024-03-05,C0172,HW-SENSOR,2,388.27,completed,web
O10558,2024-03-05,C0155,SVC-IMPL,1,799.74,completed,web
O10559,2024-03-06,C0155,HW-SENSOR,5,1100.0,completed,web
O10560,2024-03-06,C0068,HW-SENSOR,1,218.74,completed,sales_assisted
O10561,2024-03-06,C0119,SVC-TRAIN,1,601.45,completed,web
O10562,2024-03-06,C0059,SUB-ENTERPRISE,5,1721.15,completed,sales_assisted
O10563,2024-03-06,C0018,SUB-PRO,1,131.8,completed,web
O10564,2024-03-06,C0207,SVC-RETAINER,3,3314.78,completed,web
O10565,2024-03-06,C0006,SVC-AUDIT,1,1292.07,completed,web
O10566,2024-03-06,C0154,SUB-ENTERPRISE,5,2080.53,completed,sales_assisted
O10567,2024-03-07,C0254,SVC-RETAINER,4,4172.34,completed,web
O10568,2024-03-07,C0040,SVC-IMPL,2,1771.91,completed,partner
O10569,2024-03-07,C0010,SVC-AUDIT,4,5148.22,completed,web
O10570,2024-03-07,C0030,SVC-RETAINER,1,1244.88,completed,web
O10571,2024-03-07,C0096,SVC-IMPL,1,775.38,completed,sales_assisted
O10572,2024-03-07,C0242,SUB-BASIC,1,44.48,completed,web
O10573,2024-03-07,C0142,HW-BUNDLE,4,3000.0,completed,web
O10574,2024-03-07,C0033,SUB-ENTERPRISE,3,1054.39,completed,sales_assisted
O10575,2024-03-08,C0106,HW-CABLE,6,210.0,completed,web
O10576,2024-03-08,C0086,HW-BUNDLE,2,1500.0,completed,web
O10577,2024-03-08,C0178,SUB-BASIC,1,49.4,completed,web
O10578,2024-03-08,C0124,HW-GATEWAY,4,-1004.99,refunded,web
O10579,2024-03-08,C0013,SUB-BASIC,3,147.29,completed,web
O10580,2024-03-08,C0191,SUB-PRO,5,635.61,completed,sales_assisted
O10581,2024-03-08,C0180,SVC-IMPL,1,785.18,completed,web
O10582,2024-03-08,C0003,SUB-ADDON,1,25.42,completed,web
O10583,2024-03-09,C0211,SUB-ADDON,2,59.72,completed,partner
O10584,2024-03-09,C0146,SVC-TRAIN,1,624.81,completed,sales_assisted
O10585,2024-03-09,C0155,SUB-PRO,5,609.21,completed,sales_assisted
O10586,2024-03-09,C0172,HW-BUNDLE,5,3215.48,completed,web
O10587,2024-03-10,C0159,SVC-TRAIN,2,1116.17,completed,sales_assisted
O10588,2024-03-10,C0266,SUB-ENTERPRISE,3,1200.21,completed,web
O10589,2024-03-10,C0157,SUB-ENTERPRISE,5,1933.06,completed,sales_assisted
O10590,2024-03-10,C0187,SUB-BASIC,3,139.16,completed,web
O10591,2024-03-11,C0099,HW-CABLE,5,175.0,completed,web
O10592,2024-03-11,C0049,SUB-ENTERPRISE,1,390.12,completed,web
O10593,2024-03-11,C0280,SVC-AUDIT,1,1380.82,completed,sales_assisted
O10594,2024-03-11,C0108,SUB-PRO,1,70.95,completed,web
O10595,2024-03-11,C0062,SUB-ADDON,1,30.12,completed,web
O10596,2024-03-11,C0026,SVC-RETAINER,5,5962.43,completed,web
O10597,2024-03-11,C0095,SUB-PRO,3,334.49,completed,partner
O10598,2024-03-11,C0055,SVC-TRAIN,3,1897.99,completed,web
O10599,2024-03-11,C0216,SUB-ENTERPRISE,1,219.45,completed,sales_assisted
O10600,2024-03-12,C0001,HW-BUNDLE,2,-818.41,refunded,web
O10601,2024-03-12,C0097,SUB-ADDON,2,55.39,completed,web
O10602,2024-03-12,C0093,SVC-RETAINER,1,1217.23,completed,web
O10603,2024-03-12,C0251,HW-SENSOR,4,880.0,completed,sales_assisted
O10604,2024-03-12,C0235,SVC-TRAIN,2,1113.55,completed,web
O10605,2024-03-12,C0203,SVC-IMPL,2,1708.38,completed,sales_assisted
O10606,2024-03-12,C0003,HW-SENSOR,4,880.0,completed,web
O10607,2024-03-13,C0101,HW-BUNDLE,6,4500.0,completed,sales_assisted
O10608,2024-03-13,C0227,SVC-RETAINER,4,4209.65,completed,partner
O10609,2024-03-13,C0073,HW-CABLE,6,210.0,completed,web
O10610,2024-03-13,C0250,SVC-IMPL,1,929.77,completed,partner
O10611,2024-03-13,C0126,SUB-PRO,1,133.45,completed,web
O10612,2024-03-13,C0113,SVC-RETAINER,4,4607.02,completed,web
O10613,2024-03-13,C0132,SUB-BASIC,1,-22.75,refunded,partner
O10614,2024-03-13,C0206,SUB-ENTERPRISE,1,347.94,completed,sales_assisted
O10615,2024-03-13,C0217,HW-BUNDLE,4,3000.0,completed,partner
O10616,2024-03-13,C0203,HW-CABLE,6,210.0,completed,web
O10617,2024-03-14,C0088,SVC-AUDIT,4,5260.77,completed,web
O10618,2024-03-14,C0132,SVC-RETAINER,4,4675.23,completed,web
O10619,2024-03-14,C0046,SVC-TRAIN,5,3322.0,completed,sales_assisted
O10620,2024-03-14,C0074,SVC-RETAINER,2,2293.76,completed,partner
O10621,2024-03-14,C0077,SVC-AUDIT,5,7607.42,completed,sales_assisted
O10622,2024-03-14,C0174,HW-SENSOR,4,880.0,completed,web
O10623,2024-03-14,C0016,SVC-AUDIT,2,2554.25,completed,web
O10624,2024-03-14,C0111,SUB-BASIC,1,45.22,completed,web
O10625,2024-03-14,C0172,SVC-TRAIN,4,2603.4,completed,sales_assisted
O10626,2024-03-14,C0065,SVC-AUDIT,5,6376.49,completed,partner
O10627,2024-03-15,C0167,SVC-TRAIN,2,-1172.29,refunded,web
O10628,2024-03-15,C0122,SVC-IMPL,4,3064.84,completed,sales_assisted
O10629,2024-03-15,C0200,SVC-RETAINER,1,1092.3,completed,partner
O10630,2024-03-15,C0251,SUB-ADDON,3,81.73,completed,web
O10631,2024-03-15,C0061,SUB-BASIC,4,199.01,completed,partner
O10632,2024-03-15,C0186,HW-GATEWAY,4,1920.0,completed,sales_assisted
O10633,2024-03-15,C0225,SVC-IMPL,3,2699.85,completed,sales_assisted
O10634,2024-03-15,C0062,SUB-BASIC,2,93.07,completed,web
O10635,2024-03-15,C0151,SVC-IMPL,3,2364.73,completed,sales_assisted
O10636,2024-03-16,C0013,SVC-TRAIN,3,1657.75,completed,sales_assisted
O10637,2024-03-16,C0116,HW-GATEWAY,4,1943.02,completed,web
O10638,2024-03-16,C0029,SVC-RETAINER,5,5948.72,completed,partner
O10639,2024-03-16,C0239,SVC-AUDIT,5,7289.14,completed,web
O10640,2024-03-17,C0205,HW-BUNDLE,6,4500.0,completed,web
O10641,2024-03-17,C0041,SUB-ADDON,1,27.4,completed,sales_assisted
O10642,2024-03-17,C0071,HW-CABLE,5,175.0,completed,web
O10643,2024-03-17,C0027,HW-BUNDLE,6,4500.0,completed,web
O10644,2024-03-18,C0116,SVC-AUDIT,3,4257.07,completed,web
O10645,2024-03-18,C0052,SUB-BASIC,1,26.95,completed,partner
O10646,2024-03-18,C0076,HW-BUNDLE,3,2232.48,completed,partner
O10647,2024-03-18,C0222,HW-SENSOR,2,440.0,completed,partner
O10648,2024-03-18,C0266,HW-CABLE,4,140.0,completed,web
O10649,2024-03-18,C0137,SUB-ENTERPRISE,2,749.44,completed,web
O10650,2024-03-18,C0154,SVC-TRAIN,3,1948.16,completed,sales_assisted
O10651,2024-03-19,C0084,SVC-IMPL,4,3580.18,completed,sales_assisted
O10652,2024-03-19,C0252,SVC-TRAIN,2,1230.9,completed,web
O10653,2024-03-19,C0242,SUB-ENTERPRISE,1,403.47,completed,web
O10654,2024-03-19,C0211,SUB-ADDON,5,148.46,completed,partner
O10655,2024-03-19,C0269,SUB-ADDON,2,-29.23,refunded,web
O10656,2024-03-19,C0130,SVC-TRAIN,2,1275.57,completed,sales_assisted
O10657,2024-03-19,C0174,HW-BUNDLE,6,4500.0,completed,web
O10658,2024-03-20,C0187,HW-BUNDLE,3,2250.0,completed,web
O10659,2024-03-20,C0069,SUB-ADDON,1,28.53,completed,partner
O10660,2024-03-20,C0040,SVC-AUDIT,4,5871.28,completed,web
O10661,2024-03-20,C0101,HW-BUNDLE,4,3000.0,completed,web
O10662,2024-03-20,C0010,SVC-IMPL,5,4019.98,completed,web
O10663,2024-03-20,C0130,HW-BUNDLE,5,3750.0,completed,web
O10664,2024-03-20,C0092,SVC-AUDIT,4,5520.05,completed,web
O10665,2024-03-20,C0218,HW-CABLE,5,175.0,completed,web
O10666,2024-03-20,C0242,SVC-TRAIN,2,1126.56,completed,web
O10667,2024-03-21,C0162,SVC-AUDIT,1,1338.8,completed,partner
O10668,2024-03-21,C0039,HW-GATEWAY,3,1440.0,completed,web
O10669,2024-03-21,C0044,HW-CABLE,2,67.56,completed,sales_assisted
O10670,2024-03-21,C0161,HW-GATEWAY,2,960.0,completed,web
O10671,2024-03-21,C0096,SVC-TRAIN,3,1765.98,completed,sales_assisted
O10672,2024-03-21,C0092,SVC-AUDIT,5,7105.57,completed,web
O10673,2024-03-21,C0241,HW-CABLE,3,105.0,completed,web
O10674,2024-03-21,C0051,SVC-IMPL,2,1563.21,completed,sales_assisted
O10675,2024-03-21,C0246,HW-GATEWAY,4,1920.0,completed,web
O10676,2024-03-21,C0085,SVC-AUDIT,4,5392.88,completed,sales_assisted
O10677,2024-03-22,C0147,SVC-IMPL,1,824.63,completed,web
O10678,2024-03-22,C0210,SUB-ENTERPRISE,4,1633.54,completed,partner
O10679,2024-03-22,C0063,SVC-IMPL,5,4574.13,completed,sales_assisted
O10680,2024-03-22,C0154,SUB-ENTERPRISE,5,1885.36,completed,web
O10681,2024-03-22,C0048,SVC-TRAIN,1,659.06,completed,partner
O10682,2024-03-22,C0041,SVC-RETAINER,2,2380.62,completed,partner
O10683,2024-03-22,C0226,HW-BUNDLE,4,3000.0,completed,partner
O10684,2024-03-22,C0236,HW-GATEWAY,2,955.15,completed,web
O10685,2024-03-22,C0278,SUB-PRO,3,395.24,completed,web
O10686,2024-03-22,C0057,SUB-ADDON,4,104.4,completed,web
O10687,2024-03-23,C0014,SVC-RETAINER,1,1142.77,completed,sales_assisted
O10688,2024-03-23,C0211,HW-BUNDLE,3,2250.0,completed,partner
O10689,2024-03-23,C0067,HW-CABLE,2,70.0,completed,web
O10690,2024-03-23,C0220,HW-GATEWAY,5,2419.21,completed,web
O10691,2024-03-23,C0124,HW-GATEWAY,4,1874.17,completed,partner
O10692,2024-03-24,C0238,SUB-PRO,5,650.47,completed,sales_assisted
O10693,2024-03-24,C0247,SUB-BASIC,5,255.38,completed,sales_assisted
O10694,2024-03-24,C0221,SUB-ADDON,5,129.81,completed,partner
O10695,2024-03-24,C0242,SVC-IMPL,3,2483.46,completed,web
O10696,2024-03-25,C0081,HW-BUNDLE,5,3750.0,completed,web
O10697,2024-03-25,C0222,SVC-TRAIN,1,579.36,completed,web
O10698,2024-03-25,C0119,SUB-ADDON,1,25.56,completed,sales_assisted
O10699,2024-03-25,C0269,SVC-TRAIN,2,1252.62,completed,sales_assisted
O10700,2024-03-25,C0044,SVC-TRAIN,1,608.52,completed,web
O10701,2024-03-25,C0189,HW-CABLE,2,70.0,completed,sales_assisted
O10702,2024-03-25,C0089,SUB-ADDON,3,74.49,completed,web
O10703,2024-03-25,C0172,SUB-PRO,1,70.95,completed,sales_assisted
O10704,2024-03-26,C0063,SVC-RETAINER,3,3269.02,completed,sales_assisted
O10705,2024-03-26,C0041,HW-CABLE,6,210.0,completed,partner
O10706,2024-03-26,C0140,SVC-IMPL,3,2690.45,completed,web
O10707,2024-03-26,C0267,HW-BUNDLE,4,3000.0,completed,web
O10708,2024-03-26,C0117,HW-CABLE,5,175.0,completed,web
O10709,2024-03-26,C0228,HW-GATEWAY,3,-1095.02,refunded,web
O10710,2024-03-26,C0084,SUB-BASIC,1,26.95,completed,sales_assisted
O10711,2024-03-27,C0253,SUB-ENTERPRISE,2,710.81,completed,web
O10712,2024-03-27,C0196,SVC-AUDIT,4,5102.32,completed,web
O10713,2024-03-27,C0200,SVC-RETAINER,3,3576.58,completed,sales_assisted
O10714,2024-03-27,C0222,SUB-PRO,2,221.33,completed,sales_assisted
O10715,2024-03-27,C0069,SVC-TRAIN,5,2928.1,completed,sales_assisted
O10716,2024-03-27,C0239,SVC-RETAINER,4,4967.63,completed,web
O10717,2024-03-27,C0238,SVC-TRAIN,3,1709.56,completed,web
O10718,2024-03-27,C0177,SVC-IMPL,4,3441.85,completed,sales_assisted
O10719,2024-03-27,C0026,SVC-AUDIT,1,1417.36,completed,web
O10720,2024-03-28,C0255,SVC-TRAIN,1,619.93,completed,sales_assisted
O10721,2024-03-28,C0271,HW-CABLE,4,140.0,completed,web
O10722,2024-03-28,C0062,HW-GATEWAY,2,960.0,completed,sales_assisted
O10723,2024-03-28,C0047,SUB-ENTERPRISE,2,,completed,web
O10724,2024-03-28,C0135,SVC-AUDIT,2,2939.46,completed,web
O10725,2024-03-28,C0104,SVC-AUDIT,5,6661.33,completed,web
O10726,2024-03-28,C0201,HW-BUNDLE,6,4500.0,completed,partner
O10727,2024-03-28,C0135,HW-CABLE,2,70.0,completed,sales_assisted
O10728,2024-03-29,C0143,SVC-RETAINER,1,1257.38,completed,web
O10729,2024-03-29,C0151,SVC-RETAINER,2,2191.46,completed,sales_assisted
O10730,2024-03-29,C0121,HW-GATEWAY,2,960.0,completed,partner
O10731,2024-03-29,C0277,SVC-TRAIN,5,2890.54,completed,web
O10732,2024-03-29,C0108,HW-SENSOR,1,193.13,completed,sales_assisted
O10733,2024-03-29,C0271,SUB-ENTERPRISE,3,1156.6,completed,web
O10734,2024-03-29,C0047,SVC-IMPL,1,804.62,completed,partner
O10735,2024-03-29,C0140,HW-BUNDLE,5,3504.81,completed,web
O10736,2024-03-30,C0262,SUB-ENTERPRISE,2,707.08,completed,web
O10737,2024-03-30,C0251,SVC-TRAIN,3,1867.47,completed,web
O10738,2024-03-30,C0086,SVC-AUDIT,1,1323.47,completed,web
O10739,2024-03-30,C0125,HW-GATEWAY,2,960.0,completed,web
O10740,2024-03-30,C0206,HW-CABLE,3,105.0,completed,sales_assisted
O10741,2024-03-31,C0016,SUB-PRO,1,70.95,completed,partner
O10742,2024-03-31,C0006,SVC-IMPL,4,3405.62,completed,web
O10743,2024-03-31,C0213,HW-CABLE,3,105.0,completed,web
O10744,2024-03-31,C0143,SUB-ADDON,4,118.25,completed,sales_assisted
O10745,2024-03-31,C0249,SUB-ENTERPRISE,3,1197.84,completed,partner
O10746,2024-03-31,C0183,SVC-TRAIN,3,1751.68,completed,web
O10747,2024-04-01,C0040,SUB-BASIC,3,144.62,completed,web
O10748,2024-04-01,C0170,SUB-BASIC,5,249.88,completed,partner
O10749,2024-04-01,C0158,SVC-AUDIT,3,4695.14,completed,web
O10750,2024-04-01,C0252,HW-BUNDLE,3,1965.95,completed,web
O10751,2024-04-01,C0195,SVC-TRAIN,5,2880.16,completed,sales_assisted
O10752,2024-04-01,C0120,SVC-RETAINER,3,-2051.57,refunded,sales_assisted
O10753,2024-04-01,C0199,SVC-AUDIT,1,1410.21,completed,web
O10754,2024-04-01,C0016,SUB-ADDON,4,105.78,completed,partner
O10755,2024-04-01,C0143,SUB-ADDON,1,25.07,completed,web
O10756,2024-04-01,C0278,SUB-PRO,4,524.87,completed,web
O10757,2024-04-02,C0046,HW-SENSOR,3,643.08,completed,partner
O10758,2024-04-02,C0265,SUB-BASIC,3,141.41,completed,partner
O10759,2024-04-02,C0009,SUB-BASIC,1,48.63,completed,partner
O10760,2024-04-02,C0033,SUB-PRO,2,262.01,completed,web
O10761,2024-04-02,C0048,HW-SENSOR,4,795.15,completed,partner
O10762,2024-04-02,C0255,HW-SENSOR,3,686.54,completed,partner
O10763,2024-04-02,C0147,HW-SENSOR,2,461.69,completed,web
O10764,2024-04-02,C0252,SVC-AUDIT,3,4642.76,completed,sales_assisted
O10765,2024-04-02,C0268,SUB-PRO,3,368.45,completed,web
O10766,2024-04-02,C0209,SUB-ENTERPRISE,1,395.75,completed,web
O10767,2024-04-03,C0263,SUB-BASIC,4,181.61,completed,web
O10768,2024-04-03,C0183,SUB-ADDON,1,28.65,completed,web
O10769,2024-04-03,C0012,HW-CABLE,3,98.45,completed,sales_assisted
O10770,2024-04-03,C0210,HW-CABLE,1,36.1,completed,web
O10771,2024-04-03,C0126,SVC-TRAIN,4,2355.72,completed,web
O10772,2024-04-03,C0135,HW-GATEWAY,4,-1109.95,refunded,web
O10773,2024-04-03,C0138,HW-BUNDLE,5,3717.63,completed,web
O10774,2024-04-03,C0105,HW-SENSOR,4,845.78,completed,partner
O10775,2024-04-03,C0106,SUB-PRO,4,513.5,completed,sales_assisted
O10776,2024-04-03,C0155,HW-GATEWAY,3,1488.61,completed,web
O10777,2024-04-03,C0278,SVC-IMPL,1,853.78,completed,sales_assisted
O10778,2024-04-03,C0162,HW-CABLE,3,106.8,completed,web
O10779,2024-04-04,C0059,SVC-AUDIT,5,6637.51,completed,web
O10780,2024-04-04,C0126,HW-CABLE,5,170.25,completed,sales_assisted
O10781,2024-04-04,C0269,SUB-PRO,1,111.24,completed,web
O10782,2024-04-04,C0102,HW-GATEWAY,2,902.28,completed,sales_assisted
O10783,2024-04-04,C0277,HW-BUNDLE,1,739.35,completed,partner
O10784,2024-04-04,C0080,SVC-RETAINER,3,3070.15,completed,web
O10785,2024-04-04,C0054,HW-CABLE,2,71.72,completed,web
O10786,2024-04-04,C0276,HW-GATEWAY,3,1505.15,completed,sales_assisted
O10787,2024-04-04,C0005,HW-CABLE,4,120.88,completed,web
O10788,2024-04-04,C0192,SUB-BASIC,3,144.22,completed,sales_assisted
O10789,2024-04-04,C0170,SVC-TRAIN,3,1855.93,completed,web
O10790,2024-04-04,C0021,SUB-PRO,2,229.4,completed,web
O10791,2024-04-05,C0254,SUB-ADDON,1,27.73,completed,web
O10792,2024-04-05,C0025,SUB-ENTERPRISE,1,376.27,completed,web
O10793,2024-04-05,C0061,HW-GATEWAY,4,1740.72,completed,sales_assisted
O10794,2024-04-05,C0197,SUB-ENTERPRISE,3,1118.7,completed,sales_assisted
O10795,2024-04-05,C0176,SUB-PRO,3,365.99,completed,partner
O10796,2024-04-05,C0048,SUB-ADDON,2,49.79,completed,partner
O10797,2024-04-05,C0236,HW-GATEWAY,3,1226.12,completed,sales_assisted
O10798,2024-04-05,C0172,HW-GATEWAY,1,494.07,completed,partner
O10799,2024-04-05,C0088,SVC-IMPL,3,2621.56,completed,web
O10800,2024-04-05,C0262,HW-BUNDLE,1,725.98,completed,web
O10801,2024-04-06,C0196,SUB-ADDON,3,83.22,completed,web
O10802,2024-04-06,C0106,SVC-TRAIN,1,-284.29,refunded,sales_assisted
O10803,2024-04-06,C0251,SUB-PRO,2,267.8,completed,web
O10804,2024-04-06,C0133,HW-BUNDLE,2,-1173.86,refunded,partner
O10805,2024-04-06,C0132,SUB-PRO,4,526.7,completed,sales_assisted
O10806,2024-04-06,C0154,HW-SENSOR,1,189.59,completed,sales_assisted
O10807,2024-04-07,C0226,HW-CABLE,1,35.63,completed,web
O10808,2024-04-07,C0232,SVC-RETAINER,5,5181.14,completed,sales_assisted
O10809,2024-04-07,C0105,SUB-BASIC,2,83.79,completed,sales_assisted
O10810,2024-04-07,C0014,HW-GATEWAY,1,419.96,completed,web
O10811,2024-04-07,C0072,SUB-ADDON,2,58.19,completed,web
O10812,2024-04-07,C0035,SUB-PRO,5,571.84,completed,sales_assisted
O10813,2024-04-07,C0186,SVC-TRAIN,3,1927.21,completed,web
O10814,2024-04-08,C0025,HW-BUNDLE,4,2695.67,completed,sales_assisted
O10815,2024-04-08,C0172,SVC-RETAINER,5,5993.64,completed,web
O10816,2024-04-08,C0277,SVC-IMPL,3,2528.26,completed,web
O10817,2024-04-08,C0081,SVC-RETAINER,3,3179.26,completed,web
O10818,2024-04-08,C0196,SVC-RETAINER,4,-3523.51,refunded,web
O10819,2024-04-08,C0098,SVC-RETAINER,2,2266.37,completed,partner
O10820,2024-04-08,C0267,SUB-ADDON,3,86.48,completed,web
O10821,2024-04-08,C0150,HW-SENSOR,4,839.33,completed,web
O10822,2024-04-08,C0055,HW-GATEWAY,4,1922.5,completed,sales_assisted
O10823,2024-04-08,C0153,HW-GATEWAY,4,-1081.91,refunded,web
O10824,2024-04-08,C0070,SUB-BASIC,3,135.99,completed,web
O10825,2024-04-08,C0199,HW-GATEWAY,2,826.04,completed,web
O10826,2024-04-09,C0205,SUB-ENTERPRISE,4,-612.96,refunded,web
O10827,2024-04-09,C0029,SUB-BASIC,4,190.65,completed,sales_assisted
O10828,2024-04-09,C0268,HW-BUNDLE,2,1331.02,completed,web
O10829,2024-04-09,C0193,HW-SENSOR,5,1133.43,completed,web
O10830,2024-04-09,C0271,SVC-IMPL,3,2601.37,completed,web
O10831,2024-04-09,C0125,SVC-IMPL,2,1544.71,completed,partner
O10832,2024-04-09,C0084,HW-CABLE,5,152.59,completed,web
O10833,2024-04-09,C0017,HW-SENSOR,2,375.78,completed,partner
O10834,2024-04-09,C0034,HW-CABLE,4,137.49,completed,web
O10835,2024-04-09,C0072,SUB-ADDON,4,99.64,completed,web
O10836,2024-04-09,C0045,SVC-RETAINER,3,3295.56,completed,web
O10837,2024-04-10,C0021,SUB-BASIC,1,48.1,completed,web
O10838,2024-04-10,C0046,SUB-BASIC,5,240.0,completed,web
O10839,2024-04-10,C0125,SUB-BASIC,4,187.62,completed,sales_assisted
O10840,2024-04-10,C0029,HW-CABLE,3,102.6,completed,web
O10841,2024-04-10,C0050,SVC-TRAIN,5,2944.63,completed,web
O10842,2024-04-10,C0025,SUB-ENTERPRISE,4,1524.16,completed,partner
O10843,2024-04-10,C0061,SVC-IMPL,1,813.85,completed,web
O10844,2024-04-10,C0041,HW-BUNDLE,2,-1013.67,refunded,sales_assisted
O10845,2024-04-10,C0265,SVC-TRAIN,3,1708.45,completed,web
O10846,2024-04-10,C0247,SUB-BASIC,2,89.6,completed,web
O10847,2024-04-10,C0241,SUB-ADDON,5,126.79,completed,web
O10848,2024-04-10,C0232,SVC-RETAINER,5,6015.82,completed,web
O10849,2024-04-11,C0095,SVC-IMPL,5,4590.51,completed,sales_assisted
O10850,2024-04-11,C0102,SVC-AUDIT,4,5917.67,completed,sales_assisted
O10851,2024-04-11,C0154,SUB-ADDON,4,113.77,completed,web
O10852,2024-04-11,C0276,SUB-PRO,1,126.84,completed,web
O10853,2024-04-11,C0066,SVC-TRAIN,5,2781.76,completed,web
O10854,2024-04-11,C0061,HW-SENSOR,2,398.19,completed,web
O10855,2024-04-11,C0225,HW-BUNDLE,3,1944.22,completed,web
O10856,2024-04-11,C0071,SVC-RETAINER,4,4320.36,completed,sales_assisted
O10857,2024-04-11,C0265,SVC-AUDIT,2,2972.24,completed,web
O10858,2024-04-11,C0267,SUB-BASIC,2,99.25,completed,sales_assisted
O10859,2024-04-12,C0227,SUB-PRO,1,123.94,completed,web
O10860,2024-04-12,C0054,HW-SENSOR,5,1015.12,completed,web
O10861,2024-04-12,C0217,SVC-RETAINER,5,5194.88,completed,web
O10862,2024-04-12,C0077,HW-CABLE,4,142.8,completed,sales_assisted
O10863,2024-04-12,C0248,SUB-ENTERPRISE,4,1518.04,completed,sales_assisted
O10864,2024-04-12,C0212,SVC-IMPL,5,4272.06,completed,web
O10865,2024-04-12,C0118,SUB-ENTERPRISE,2,834.4,completed,web
O10866,2024-04-12,C0007,SVC-AUDIT,1,1461.93,completed,partner
O10867,2024-04-12,C0134,HW-BUNDLE,4,2969.95,completed,partner
O10868,2024-04-12,C0169,HW-CABLE,4,146.25,completed,web
O10869,2024-04-12,C0190,HW-GATEWAY,4,1811.34,completed,web
O10870,2024-04-12,C0260,HW-SENSOR,3,619.95,completed,web
O10871,2024-04-13,C0179,SVC-RETAINER,4,4943.62,completed,sales_assisted
O10872,2024-04-13,C0113,SVC-AUDIT,5,6871.38,completed,web
O10873,2024-04-13,C0028,HW-CABLE,1,32.03,completed,sales_assisted
O10874,2024-04-13,C0238,HW-BUNDLE,1,688.55,completed,web
O10875,2024-04-13,C0269,HW-SENSOR,3,561.12,completed,web
O10876,2024-04-13,C0241,HW-GATEWAY,2,1007.0,completed,web
O10877,2024-04-13,C0160,SVC-RETAINER,5,6113.3,completed,web
O10878,2024-04-14,C0127,SUB-ENTERPRISE,4,1634.33,completed,web
O10879,2024-04-14,C0054,SVC-TRAIN,3,1718.21,completed,partner
O10880,2024-04-14,C0050,HW-GATEWAY,1,463.61,completed,sales_assisted
O10881,2024-04-14,C0032,SUB-ADDON,2,59.45,completed,web
O10882,2024-04-14,C0202,HW-BUNDLE,5,3398.43,completed,web
O10883,2024-04-14,C0221,SUB-PRO,1,113.07,completed,partner
O10884,2024-04-14,C0038,SUB-ENTERPRISE,5,1999.02,completed,partner
O10885,2024-04-15,C0215,SUB-ENTERPRISE,1,375.31,completed,sales_assisted
O10886,2024-04-15,C0048,SVC-IMPL,3,2427.06,completed,partner
O10887,2024-04-15,C0133,SVC-IMPL,2,1674.08,completed,web
O10888,2024-04-15,C0221,SVC-RETAINER,4,5018.41,completed,web
O10889,2024-04-15,C0035,SVC-AUDIT,2,2728.16,completed,web
O10890,2024-04-15,C0064,SUB-ENTERPRISE,1,366.79,completed,web
O10891,2024-04-15,C0002,HW-CABLE,3,101.16,completed,web
O10892,2024-04-15,C0078,SVC-RETAINER,3,3424.76,completed,web
O10893,2024-04-15,C0010,SUB-ENTERPRISE,4,1552.09,completed,web
O10894,2024-04-15,C0049,HW-CABLE,5,157.82,completed,web
O10895,2024-04-16,C0020,HW-BUNDLE,5,3444.95,completed,partner
O10896,2024-04-16,C0191,HW-SENSOR,4,756.72,completed,sales_assisted
O10897,2024-04-16,C0162,SVC-IMPL,2,1611.23,completed,web
O10898,2024-04-16,C0050,SUB-BASIC,2,91.99,completed,partner
O10899,2024-04-16,C0136,SVC-RETAINER,1,1067.2,completed,web
O10900,2024-04-16,C0062,SVC-TRAIN,5,3116.68,completed,partner
O10901,2024-04-16,C0093,SVC-RETAINER,1,1243.71,completed,web
O10902,2024-04-16,C0272,SUB-PRO,5,604.8,completed,sales_assisted
O10903,2024-04-16,C0235,SVC-TRAIN,3,1741.09,completed,sales_assisted
O10904,2024-04-16,C0198,SUB-BASIC,4,-81.93,refunded,web
O10905,2024-04-17,C0198,HW-CABLE,4,137.35,completed,partner
O10906,2024-04-17,C0018,SUB-BASIC,5,236.93,completed,partner
O10907,2024-04-17,C0190,HW-GATEWAY,4,1684.54,completed,web
O10908,2024-04-17,C0098,SUB-BASIC,1,44.34,completed,web
O10909,2024-04-17,C0149,SUB-ADDON,5,137.15,completed,sales_assisted
O10910,2024-04-17,C0024,SUB-BASIC,3,131.09,completed,web
O10911,2024-04-17,C0242,HW-SENSOR,5,1024.89,completed,web
O10912,2024-04-17,C0226,HW-SENSOR,3,629.31,completed,web
O10913,2024-04-17,C0217,SVC-IMPL,4,3071.46,completed,web
O10914,2024-04-17,C0249,SUB-PRO,3,371.7,completed,web
O10915,2024-04-18,C0205,SUB-ENTERPRISE,4,1487.88,completed,web
O10916,2024-04-18,C0044,SVC-AUDIT,5,7738.46,completed,web
O10917,2024-04-18,C0056,SVC-IMPL,4,3592.91,completed,sales_assisted
O10918,2024-04-18,C0114,SVC-IMPL,3,2361.4,completed,partner
O10919,2024-04-18,C0075,SUB-ENTERPRISE,3,1083.27,completed,web
O10920,2024-04-18,C0184,HW-SENSOR,3,647.58,completed,sales_assisted
O10921,2024-04-18,C0233,SUB-ENTERPRISE,2,795.03,completed,web
O10922,2024-04-18,C0101,HW-BUNDLE,1,706.96,completed,web
O10923,2024-04-18,C0244,HW-GATEWAY,2,913.04,completed,web
O10924,2024-04-18,C0176,HW-CABLE,5,,completed,web
O10925,2024-04-18,C0265,SUB-PRO,3,378.12,completed,web
O10926,2024-04-19,C0270,SVC-AUDIT,3,4292.38,completed,web
O10927,2024-04-19,C0209,SVC-TRAIN,2,1199.5,completed,sales_assisted
O10928,2024-04-19,C0180,SUB-ADDON,4,106.49,completed,sales_assisted
O10929,2024-04-19,C0188,SVC-IMPL,1,835.89,completed,web
O10930,2024-04-19,C0004,HW-GATEWAY,2,900.88,completed,sales_assisted
O10931,2024-04-19,C0149,SUB-BASIC,1,46.61,completed,sales_assisted
O10932,2024-04-19,C0003,SVC-AUDIT,3,4084.64,completed,partner
O10933,2024-04-19,C0189,SVC-TRAIN,5,3334.13,completed,sales_assisted
O10934,2024-04-19,C0054,SVC-IMPL,2,1573.41,completed,web
O10935,2024-04-19,C0015,SVC-AUDIT,5,7597.35,completed,sales_assisted
O10936,2024-04-19,C0213,HW-CABLE,5,163.03,completed,web
O10937,2024-04-20,C0129,SUB-BASIC,5,231.49,completed,web
O10938,2024-04-20,C0019,SUB-PRO,2,234.09,completed,sales_assisted
O10939,2024-04-20,C0115,SVC-TRAIN,4,2340.47,completed,web
O10940,2024-04-20,C0102,HW-BUNDLE,5,3661.25,completed,partner
O10941,2024-04-20,C0007,SVC-RETAINER,1,1162.85,completed,web
O10942,2024-04-20,C0174,SVC-IMPL,1,905.96,completed,sales_assisted
O10943,2024-04-20,C0041,SVC-IMPL,2,1797.06,completed,partner
O10944,2024-04-20,C0265,SVC-AUDIT,5,7663.01,completed,web
O10945,2024-04-21,C0074,SUB-ADDON,2,51.15,completed,web
O10946,2024-04-21,C0252,HW-GATEWAY,2,817.77,completed,web
O10947,2024-04-21,C0247,SVC-TRAIN,4,2535.86,completed,web
O10948,2024-04-21,C0215,SVC-AUDIT,5,7248.25,completed,web
O10949,2024-04-21,C0063,SUB-PRO,4,532.93,completed,web
O10950,2024-04-21,C0141,SVC-IMPL,2,1587.82,completed,web
O10951,2024-04-22,C0280,SVC-IMPL,1,930.49,completed,web
O10952,2024-04-22,C0177,SVC-TRAIN,2,1197.39,completed,web
O10953,2024-04-22,C0157,SUB-ADDON,1,27.38,completed,sales_assisted
O10954,2024-04-22,C0042,SVC-TRAIN,3,1956.58,completed,web
O10955,2024-04-22,C0135,SVC-IMPL,3,2712.97,completed,sales_assisted
O10956,2024-04-22,C0135,HW-GATEWAY,2,918.1,completed,sales_assisted
O10957,2024-04-22,C0164,SVC-IMPL,1,817.43,completed,web
O10958,2024-04-22,C0261,SUB-ADDON,5,149.91,completed,partner
O10959,2024-04-22,C0021,SVC-AUDIT,4,5862.01,completed,web
O10960,2024-04-22,C0257,SVC-TRAIN,4,-2025.37,refunded,web
O10961,2024-04-22,C0265,HW-GATEWAY,3,1401.12,completed,partner
O10962,2024-04-23,C0057,HW-GATEWAY,5,2406.24,completed,web
O10963,2024-04-23,C0237,HW-GATEWAY,3,1294.79,completed,web
O10964,2024-04-23,C0077,SVC-AUDIT,5,6613.68,completed,web
O10965,2024-04-23,C0104,HW-GATEWAY,3,1258.64,completed,web
O10966,2024-04-23,C0022,HW-GATEWAY,3,1382.29,completed,web
O10967,2024-04-23,C0223,HW-GATEWAY,4,1747.99,completed,partner
O10968,2024-04-23,C0123,SVC-AUDIT,3,4386.22,completed,web
O10969,2024-04-23,C0021,SUB-ADDON,2,53.29,completed,web
O10970,2024-04-23,C0096,HW-SENSOR,5,984.13,completed,web
O10971,2024-04-23,C0123,SUB-PRO,5,570.76,completed,web
O10972,2024-04-23,C0039,HW-CABLE,1,36.28,completed,sales_assisted
O10973,2024-04-23,C0014,SUB-ADDON,4,105.34,completed,sales_assisted
O10974,2024-04-24,C0210,SUB-ADDON,3,91.26,completed,sales_assisted
O10975,2024-04-24,C0046,SUB-PRO,4,524.04,completed,sales_assisted
O10976,2024-04-24,C0275,SVC-RETAINER,4,4669.83,completed,web
O10977,2024-04-24,C0273,HW-GATEWAY,1,435.66,completed,sales_assisted
O10978,2024-04-24,C0098,SUB-ADDON,3,87.06,completed,web
O10979,2024-04-24,C0189,SUB-PRO,5,625.84,completed,web
O10980,2024-04-24,C0030,SVC-AUDIT,4,5468.2,completed,sales_assisted
O10981,2024-04-24,C0238,HW-GATEWAY,3,1236.06,completed,web
O10982,2024-04-24,C0216,SVC-AUDIT,3,4094.68,completed,web
O10983,2024-04-24,C0191,HW-GATEWAY,3,1475.86,completed,web
O10984,2024-04-24,C0266,SUB-BASIC,5,249.55,completed,sales_assisted
O10985,2024-04-24,C0233,SVC-IMPL,2,1864.59,completed,sales_assisted
O10986,2024-04-25,C0150,HW-CABLE,3,108.03,completed,sales_assisted
O10987,2024-04-25,C0067,HW-CABLE,5,156.36,completed,web
O10988,2024-04-25,C0201,SUB-ADDON,2,56.14,completed,web
O10989,2024-04-25,C0131,HW-GATEWAY,3,1260.19,completed,sales_assisted
O10990,2024-04-25,C0231,SUB-ADDON,4,107.1,completed,web
O10991,2024-04-25,C0026,SUB-ENTERPRISE,4,1556.32,completed,web
O10992,2024-04-25,C0254,SVC-AUDIT,1,1289.55,completed,web
O10993,2024-04-25,C0110,HW-CABLE,5,171.78,completed,web
O10994,2024-04-25,C0016,SUB-ENTERPRISE,4,1373.93,completed,web
O10995,2024-04-25,C0005,HW-GATEWAY,3,1388.88,completed,sales_assisted
O10996,2024-04-26,C0231,SUB-ENTERPRISE,1,409.4,completed,web
O10997,2024-04-26,C0127,SUB-ADDON,2,58.04,completed,web
O10998,2024-04-26,C0228,SUB-ADDON,5,136.57,completed,web
O10999,2024-04-26,C0142,SVC-IMPL,1,932.38,completed,web
O11000,2024-04-26,C0248,SVC-IMPL,5,4691.42,completed,web
O11001,2024-04-26,C0103,HW-BUNDLE,3,2081.3,completed,web
O11002,2024-04-26,C0028,HW-SENSOR,3,635.03,completed,web
O11003,2024-04-26,C0081,SVC-TRAIN,3,1829.99,completed,web
O11004,2024-04-26,C0205,SVC-RETAINER,1,1212.06,completed,web
O11005,2024-04-26,C0155,SUB-BASIC,3,145.9,completed,web
O11006,2024-04-26,C0022,HW-SENSOR,4,847.41,completed,web
O11007,2024-04-26,C0137,HW-SENSOR,2,396.99,completed,sales_assisted
O11008,2024-04-27,C0167,SUB-ADDON,2,50.49,completed,web
O11009,2024-04-27,C0025,SVC-AUDIT,2,3032.42,completed,partner
O11010,2024-04-27,C0185,SVC-TRAIN,4,2429.91,completed,web
O11011,2024-04-27,C0088,HW-SENSOR,2,387.63,completed,web
O11012,2024-04-27,C0213,SUB-BASIC,1,44.86,completed,partner
O11013,2024-04-27,C0196,HW-GATEWAY,3,1476.07,completed,partner
O11014,2024-04-28,C0166,SVC-TRAIN,5,3137.77,completed,web
O11015,2024-04-28,C0167,SUB-ENTERPRISE,4,1662.26,completed,partner
O11016,2024-04-28,C0084,SVC-AUDIT,5,6543.43,completed,sales_assisted
O11017,2024-04-28,C0103,HW-GATEWAY,2,932.82,completed,web
O11018,2024-04-28,C0084,SVC-TRAIN,2,1303.22,completed,partner
O11019,2024-04-28,C0139,HW-SENSOR,2,397.08,completed,sales_assisted
O11020,2024-04-28,C0155,HW-SENSOR,4,-628.96,refunded,partner
O11021,2024-04-28,C0208,SVC-AUDIT,2,2660.36,completed,web
O11022,2024-04-29,C0130,SUB-BASIC,2,95.81,completed,web
O11023,2024-04-29,C0123,SVC-AUDIT,1,1397.07,completed,web
O11024,2024-04-29,C0181,SVC-IMPL,4,3681.95,completed,web
O11025,2024-04-29,C0222,SVC-RETAINER,5,6205.48,completed,web
O11026,2024-04-29,C0092,SVC-IMPL,4,3594.65,completed,web
O11027,2024-04-29,C0204,SUB-PRO,2,255.17,completed,sales_assisted
O11028,2024-04-29,C0185,HW-CABLE,2,64.26,completed,partner
O11029,2024-04-29,C0189,HW-SENSOR,5,950.27,completed,sales_assisted
O11030,2024-04-29,C0034,HW-BUNDLE,4,2672.27,completed,sales_assisted
O11031,2024-04-29,C0115,HW-SENSOR,4,907.17,completed,sales_assisted
O11032,2024-04-29,C0202,SVC-IMPL,3,2491.42,completed,sales_assisted
O11033,2024-04-29,C0193,SVC-AUDIT,5,7725.28,completed,partner
O11034,2024-04-30,C0025,HW-SENSOR,2,446.88,completed,web
O11035,2024-04-30,C0020,HW-GATEWAY,5,2054.51,completed,sales_assisted
O11036,2024-04-30,C0032,SVC-TRAIN,2,1292.61,completed,sales_assisted
O11037,2024-04-30,C0254,SUB-PRO,2,255.25,completed,web
O11038,2024-04-30,C0092,SVC-AUDIT,1,1300.8,completed,web
O11039,2024-04-30,C0195,HW-SENSOR,5,1058.61,completed,partner
O11040,2024-04-30,C0107,SVC-RETAINER,1,1118.79,completed,web
O11041,2024-04-30,C0205,SUB-PRO,4,442.81,completed,web
O11042,2024-04-30,C0171,HW-GATEWAY,4,1844.26,completed,web
O11043,2024-04-30,C0129,HW-SENSOR,1,196.97,completed,web
O11044,2024-05-01,C0082,SVC-IMPL,2,1597.94,completed,web
O11045,2024-05-01,C0075,SUB-ENTERPRISE,1,350.94,completed,web
O11046,2024-05-01,C0245,HW-CABLE,3,-101.46,refunded,sales_assisted
O11047,2024-05-01,C0100,SVC-TRAIN,2,1346.24,completed,web
O11048,2024-05-01,C0268,SVC-RETAINER,3,3533.78,completed,sales_assisted
O11049,2024-05-01,C0012,SVC-TRAIN,3,1737.13,completed,web
O11050,2024-05-01,C0185,SUB-ENTERPRISE,1,403.94,completed,sales_assisted
O11051,2024-05-01,C0176,SUB-BASIC,3,149.25,completed,web
O11052,2024-05-01,C0026,SUB-ENTERPRISE,3,1018.85,completed,sales_assisted
O11053,2024-05-01,C0223,SUB-ADDON,5,138.63,completed,sales_assisted
O11054,2024-05-02,C0086,HW-CABLE,1,34.55,completed,web
O11055,2024-05-02,C0189,SUB-PRO,4,444.3,completed,sales_assisted
O11056,2024-05-02,C0083,SUB-BASIC,5,212.98,completed,web
O11057,2024-05-02,C0073,HW-GATEWAY,5,2139.71,completed,web
O11058,2024-05-02,C0198,SUB-BASIC,1,47.27,completed,web
O11059,2024-05-02,C0005,HW-CABLE,1,32.2,completed,partner
O11060,2024-05-02,C0231,HW-GATEWAY,4,1686.98,completed,sales_assisted
O11061,2024-05-02,C0060,SVC-AUDIT,2,2947.94,completed,web
O11062,2024-05-02,C0129,SVC-TRAIN,2,1355.72,completed,web
O11063,2024-05-02,C0180,SVC-TRAIN,2,1149.51,completed,web
O11064,2024-05-02,C0119,HW-BUNDLE,2,1383.76,completed,web
O11065,2024-05-02,C0033,SUB-ADDON,4,112.32,completed,web
O11066,2024-05-03,C0071,HW-BUNDLE,2,1308.05,completed,web
O11067,2024-05-03,C0107,HW-GATEWAY,3,1388.22,completed,web
O11068,2024-05-03,C0057,SVC-TRAIN,3,1920.17,completed,partner
O11069,2024-05-03,C0135,SVC-TRAIN,1,676.59,completed,web
O11070,2024-05-03,C0072,SUB-ENTERPRISE,5,1902.76,completed,sales_assisted
O11071,2024-05-03,C0024,SUB-ADDON,3,84.51,completed,web
O11072,2024-05-03,C0075,HW-GATEWAY,5,2303.82,completed,sales_assisted
O11073,2024-05-03,C0247,SUB-BASIC,3,153.51,completed,sales_assisted
O11074,2024-05-03,C0124,SVC-RETAINER,3,,completed,web
O11075,2024-05-03,C0134,HW-SENSOR,2,451.35,completed,web
O11076,2024-05-04,C0184,HW-GATEWAY,2,994.45,completed,web
O11077,2024-05-04,C0169,SVC-RETAINER,1,1243.86,completed,sales_assisted
O11078,2024-05-04,C0194,SVC-IMPL,4,3693.05,completed,web
O11079,2024-05-04,C0214,SVC-RETAINER,3,3681.16,completed,web
O11080,2024-05-04,C0216,SVC-AUDIT,3,4590.62,completed,sales_assisted
O11081,2024-05-04,C0059,HW-GATEWAY,2,878.27,completed,sales_assisted
O11082,2024-05-04,C0277,SUB-ADDON,2,52.72,completed,sales_assisted
O11083,2024-05-05,C0033,HW-CABLE,4,-100.43,refunded,sales_assisted
O11084,2024-05-05,C0269,HW-SENSOR,5,1026.02,completed,web
O11085,2024-05-05,C0273,SVC-RETAINER,3,3706.04,completed,web
O11086,2024-05-05,C0031,HW-SENSOR,3,568.6,completed,web
O11087,2024-05-05,C0019,HW-BUNDLE,4,2976.53,completed,sales_assisted
O11088,2024-05-05,C0211,SUB-BASIC,4,175.49,completed,sales_assisted
O11089,2024-05-05,C0082,SVC-TRAIN,5,3050.39,completed,sales_assisted
O11090,2024-05-06,C0121,SVC-IMPL,5,,completed,sales_assisted
O11091,2024-05-06,C0219,HW-SENSOR,1,200.36,completed,web
O11092,2024-05-06,C0213,SUB-ENTERPRISE,1,348.18,completed,web
O11093,2024-05-06,C0252,SUB-BASIC,4,168.49,completed,web
O11094,2024-05-06,C0212,SUB-PRO,4,477.36,completed,web
O11095,2024-05-06,C0019,SVC-IMPL,3,2338.88,completed,web
O11096,2024-05-06,C0255,HW-GATEWAY,1,464.71,completed,web
O11097,2024-05-06,C0027,SUB-BASIC,2,101.17,completed,web
O11098,2024-05-06,C0219,SVC-AUDIT,4,5118.48,completed,web
O11099,2024-05-06,C0047,HW-CABLE,2,69.24,completed,partner
O11100,2024-05-07,C0152,SVC-AUDIT,5,7297.78,completed,web
O11101,2024-05-07,C0101,HW-GATEWAY,2,989.53,completed,sales_assisted
O11102,2024-05-07,C0179,SUB-ENTERPRISE,4,1474.72,completed,web
O11103,2024-05-07,C0086,SVC-TRAIN,4,-1073.25,refunded,web
O11104,2024-05-07,C0136,HW-SENSOR,4,905.0,completed,web
O11105,2024-05-07,C0104,SVC-RETAINER,3,3599.62,completed,web
O11106,2024-05-07,C0248,SUB-ENTERPRISE,5,2036.53,completed,sales_assisted
O11107,2024-05-07,C0045,SUB-BASIC,5,245.42,completed,web
O11108,2024-05-07,C0148,SVC-TRAIN,5,3308.05,completed,sales_assisted
O11109,2024-05-07,C0060,HW-GATEWAY,5,2511.84,completed,web
O11110,2024-05-07,C0060,SVC-RETAINER,1,1218.3,completed,web
O11111,2024-05-08,C0150,HW-CABLE,4,120.8,completed,partner
O11112,2024-05-08,C0058,SVC-AUDIT,4,5880.62,completed,partner
O11113,2024-05-08,C0234,HW-BUNDLE,2,1357.65,completed,sales_assisted
O11114,2024-05-08,C0112,SUB-ENTERPRISE,4,1660.57,completed,sales_assisted
O11115,2024-05-08,C0144,SUB-ADDON,5,134.29,completed,sales_assisted
O11116,2024-05-08,C0130,HW-SENSOR,2,433.85,completed,web
O11117,2024-05-08,C0245,SVC-RETAINER,5,6262.38,completed,web
O11118,2024-05-08,C0050,SUB-ADDON,2,58.03,completed,sales_assisted
O11119,2024-05-08,C0248,HW-GATEWAY,1,455.35,completed,web
O11120,2024-05-08,C0124,SVC-IMPL,2,1798.07,completed,web
O11121,2024-05-08,C0276,SUB-BASIC,3,135.49,completed,web
O11122,2024-05-08,C0143,SVC-TRAIN,5,3331.8,completed,web
O11123,2024-05-09,C0198,SVC-AUDIT,2,2974.7,completed,sales_assisted
O11124,2024-05-09,C0045,SUB-ENTERPRISE,1,418.59,completed,web
O11125,2024-05-09,C0262,HW-SENSOR,3,658.36,completed,sales_assisted
O11126,2024-05-09,C0269,SUB-ENTERPRISE,5,1880.5,completed,sales_assisted
O11127,2024-05-09,C0229,SUB-ENTERPRISE,1,400.75,completed,web
O11128,2024-05-09,C0266,SVC-RETAINER,5,5891.51,completed,web
O11129,2024-05-09,C0005,SUB-PRO,4,496.84,completed,sales_assisted
O11130,2024-05-09,C0219,SUB-BASIC,4,199.15,completed,sales_assisted
O11131,2024-05-09,C0219,SVC-RETAINER,4,4731.85,completed,web
O11132,2024-05-09,C0208,HW-CABLE,4,127.41,completed,web
O11133,2024-05-09,C0018,HW-CABLE,3,107.01,completed,web
O11134,2024-05-09,C0006,SVC-RETAINER,2,2116.04,completed,web
O11135,2024-05-10,C0156,HW-BUNDLE,4,2952.56,completed,web
O11136,2024-05-10,C0220,SUB-ENTERPRISE,4,1387.37,completed,web
O11137,2024-05-10,C0114,SUB-BASIC,3,130.78,completed,web
O11138,2024-05-10,C0007,SUB-BASIC,4,184.72,completed,partner
O11139,2024-05-10,C0280,HW-GATEWAY,2,835.22,completed,partner
O11140,2024-05-10,C0221,HW-SENSOR,1,198.06,completed,sales_assisted
O11141,2024-05-10,C0207,SUB-ENTERPRISE,3,1140.43,completed,web
O11142,2024-05-10,C0115,SVC-AUDIT,3,4406.41,completed,sales_assisted
O11143,2024-05-10,C0219,SUB-ADDON,2,58.88,completed,web
O11144,2024-05-10,C0170,SUB-ENTERPRISE,4,1448.98,completed,web
O11145,2024-05-10,C0269,SUB-ENTERPRISE,1,377.28,completed,web
O11146,2024-05-11,C0133,HW-CABLE,2,63.86,completed,sales_assisted
O11147,2024-05-11,C0130,SVC-AUDIT,2,2575.22,completed,web
O11148,2024-05-11,C0111,SVC-IMPL,5,3901.37,completed,sales_assisted
O11149,2024-05-11,C0178,SUB-ADDON,3,74.43,completed,web
O11150,2024-05-11,C0274,SUB-ADDON,5,138.6,completed,sales_assisted
O11151,2024-05-11,C0251,SVC-AUDIT,4,6057.39,completed,partner
O11152,2024-05-12,C0143,SUB-ENTERPRISE,1,362.47,completed,partner
O11153,2024-05-12,C0166,SUB-ENTERPRISE,1,381.37,completed,web
O11154,2024-05-12,C0046,HW-BUNDLE,4,3016.31,completed,web
O11155,2024-05-12,C0151,HW-GATEWAY,3,1226.69,completed,web
O11156,2024-05-12,C0168,HW-GATEWAY,3,1459.99,completed,partner
O11157,2024-05-12,C0271,HW-BUNDLE,1,786.37,completed,web
O11158,2024-05-13,C0136,HW-BUNDLE,2,1440.8,completed,web
O11159,2024-05-13,C0175,HW-CABLE,5,173.0,completed,web
O11160,2024-05-13,C0018,HW-CABLE,5,150.05,completed,web
O11161,2024-05-13,C0044,HW-BUNDLE,3,2205.92,completed,web
O11162,2024-05-13,C0028,SUB-ADDON,3,,completed,sales_assisted
O11163,2024-05-13,C0177,HW-BUNDLE,1,737.71,completed,web
O11164,2024-05-13,C0115,HW-CABLE,1,33.23,completed,sales_assisted
O11165,2024-05-13,C0179,SVC-RETAINER,1,1088.75,completed,sales_assisted
O11166,2024-05-13,C0243,HW-GATEWAY,2,824.99,completed,partner
O11167,2024-05-13,C0067,HW-GATEWAY,4,1922.19,completed,web
O11168,2024-05-13,C0083,SUB-ENTERPRISE,4,,completed,sales_assisted
O11169,2024-05-14,C0205,SUB-BASIC,4,180.95,completed,web
O11170,2024-05-14,C0197,SUB-BASIC,5,213.55,completed,partner
O11171,2024-05-14,C0060,SUB-BASIC,5,236.28,completed,sales_assisted
O11172,2024-05-14,C0273,HW-SENSOR,1,223.03,completed,web
O11173,2024-05-14,C0279,SUB-BASIC,3,129.55,completed,web
O11174,2024-05-14,C0238,HW-BUNDLE,5,3774.63,completed,sales_assisted
O11175,2024-05-14,C0171,SVC-IMPL,4,3067.3,completed,web
O11176,2024-05-14,C0061,SVC-IMPL,5,4565.96,completed,partner
O11177,2024-05-14,C0132,SVC-TRAIN,5,3343.13,completed,partner
O11178,2024-05-14,C0247,SUB-ADDON,1,25.53,completed,partner
O11179,2024-05-14,C0057,SUB-ENTERPRISE,1,368.57,completed,web
O11180,2024-05-15,C0146,HW-CABLE,5,179.43,completed,web
O11181,2024-05-15,C0142,HW-CABLE,5,-142.81,refunded,partner
O11182,2024-05-15,C0023,HW-CABLE,3,97.4,completed,web
O11183,2024-05-15,C0226,HW-BUNDLE,3,2106.83,completed,sales_assisted
O11184,2024-05-15,C0023,SVC-AUDIT,2,2566.6,completed,web
O11185,2024-05-15,C0174,SUB-ADDON,2,59.59,completed,web
O11186,2024-05-15,C0077,HW-CABLE,1,32.56,completed,partner
O11187,2024-05-15,C0045,HW-GATEWAY,4,1742.9,completed,partner
O11188,2024-05-15,C0205,HW-BUNDLE,1,639.43,completed,sales_assisted
O11189,2024-05-15,C0153,HW-GATEWAY,4,1769.37,completed,partner
O11190,2024-05-16,C0163,HW-CABLE,1,33.76,completed,web
O11191,2024-05-16,C0010,SUB-PRO,5,611.67,completed,web
O11192,2024-05-16,C0234,SUB-ENTERPRISE,4,1393.78,completed,sales_assisted
O11193,2024-05-16,C0179,SUB-BASIC,5,226.6,completed,web
O11194,2024-05-16,C0095,SUB-PRO,2,247.83,completed,sales_assisted
O11195,2024-05-16,C0206,SVC-TRAIN,5,3041.76,completed,partner
O11196,2024-05-16,C0044,HW-CABLE,1,33.95,completed,web
O11197,2024-05-16,C0145,SVC-RETAINER,2,2496.98,completed,sales_assisted
O11198,2024-05-16,C0061,HW-CABLE,4,-62.07,refunded,web
O11199,2024-05-16,C0273,SUB-ENTERPRISE,4,1465.67,completed,web
O11200,2024-05-16,C0086,HW-GATEWAY,5,2296.7,completed,web
O11201,2024-05-17,C0242,HW-CABLE,2,63.19,completed,web
O11202,2024-05-17,C0169,SVC-IMPL,5,3996.47,completed,web
O11203,2024-05-17,C0203,HW-GATEWAY,4,1668.82,completed,sales_assisted
O11204,2024-05-17,C0211,HW-GATEWAY,4,1928.95,completed,partner
O11205,2024-05-17,C0245,SVC-RETAINER,4,4772.12,completed,web
O11206,2024-05-17,C0156,SUB-PRO,3,336.46,completed,web
O11207,2024-05-17,C0213,SVC-TRAIN,2,1284.23,completed,web
O11208,2024-05-17,C0205,HW-SENSOR,3,678.69,completed,sales_assisted
O11209,2024-05-17,C0116,SVC-IMPL,5,4453.69,completed,web
O11210,2024-05-17,C0154,HW-SENSOR,2,411.67,completed,partner
O11211,2024-05-18,C0240,HW-SENSOR,2,406.69,completed,web
O11212,2024-05-18,C0220,SVC-AUDIT,2,2946.34,completed,sales_assisted
O11213,2024-05-18,C0120,SVC-RETAINER,4,4332.04,completed,sales_assisted
O11214,2024-05-18,C0078,SUB-ENTERPRISE,2,709.4,completed,web
O11215,2024-05-18,C0075,SUB-PRO,3,389.96,completed,web
O11216,2024-05-18,C0127,SVC-RETAINER,1,1139.6,completed,web
O11217,2024-05-18,C0259,SUB-PRO,1,127.13,completed,web
O11218,2024-05-19,C0207,HW-SENSOR,5,942.11,completed,web
O11219,2024-05-19,C0039,HW-SENSOR,5,969.19,completed,sales_assisted
O11220,2024-05-19,C0011,SVC-AUDIT,1,1405.91,completed,web
O11221,2024-05-19,C0134,SUB-ADDON,1,27.61,completed,web
O11222,2024-05-19,C0072,SVC-RETAINER,2,2257.08,completed,partner
O11223,2024-05-19,C0008,HW-GATEWAY,5,2148.31,completed,web
O11224,2024-05-19,C0104,SVC-IMPL,3,2656.1,completed,sales_assisted
O11225,2024-05-19,C0110,HW-SENSOR,1,188.64,completed,web
O11226,2024-05-20,C0228,SVC-AUDIT,2,3128.11,completed,web
O11227,2024-05-20,C0004,HW-SENSOR,5,980.04,completed,web
O11228,2024-05-20,C0009,HW-GATEWAY,3,1411.46,completed,web
O11229,2024-05-20,C0225,SVC-TRAIN,2,1335.08,completed,web
O11230,2024-05-20,C0194,SVC-IMPL,4,3663.62,completed,sales_assisted
O11231,2024-05-20,C0108,SVC-AUDIT,1,1283.42,completed,web
O11232,2024-05-20,C0134,SUB-ADDON,5,124.28,completed,web
O11233,2024-05-20,C0025,SVC-TRAIN,4,2599.96,completed,sales_assisted
O11234,2024-05-20,C0022,SUB-ADDON,4,100.61,completed,sales_assisted
O11235,2024-05-20,C0224,SVC-AUDIT,3,4696.7,completed,partner
O11236,2024-05-21,C0070,HW-BUNDLE,5,3868.35,completed,web
O11237,2024-05-21,C0224,SVC-IMPL,2,1761.97,completed,partner
O11238,2024-05-21,C0252,SVC-TRAIN,2,1234.89,completed,web
O11239,2024-05-21,C0184,SUB-PRO,5,637.66,completed,web
O11240,2024-05-21,C0121,SVC-IMPL,4,3172.88,completed,partner
O11241,2024-05-21,C0200,SVC-RETAINER,1,1141.4,completed,sales_assisted
O11242,2024-05-21,C0203,SUB-ADDON,3,84.4,completed,web
O11243,2024-05-21,C0037,SUB-ENTERPRISE,2,773.67,completed,sales_assisted
O11244,2024-05-21,C0258,SUB-ADDON,3,80.96,completed,web
O11245,2024-05-21,C0257,SUB-ADDON,2,54.75,completed,web
O11246,2024-05-21,C0130,HW-GATEWAY,3,1321.04,completed,sales_assisted
O11247,2024-05-22,C0012,SUB-ADDON,5,148.79,completed,web
O11248,2024-05-22,C0255,SUB-BASIC,5,243.88,completed,sales_assisted
O11249,2024-05-22,C0219,HW-GATEWAY,4,1985.0,completed,web
O11250,2024-05-22,C0027,HW-GATEWAY,5,2197.53,completed,web
O11251,2024-05-22,C0086,SUB-ADDON,3,80.01,completed,web
O11252,2024-05-22,C0161,SVC-TRAIN,5,2995.86,completed,web
O11253,2024-05-22,C0213,SVC-RETAINER,3,3565.48,completed,web
O11254,2024-05-22,C0092,SVC-TRAIN,2,1178.92,completed,web
O11255,2024-05-22,C0006,SVC-TRAIN,5,2951.9,completed,sales_assisted
O11256,2024-05-22,C0071,SVC-IMPL,2,1801.12,completed,partner
O11257,2024-05-22,C0099,HW-BUNDLE,2,1313.51,completed,web
O11258,2024-05-23,C0259,HW-SENSOR,4,804.12,completed,sales_assisted
O11259,2024-05-23,C0270,SUB-ADDON,3,76.66,completed,sales_assisted
O11260,2024-05-23,C0059,HW-CABLE,1,-22.3,refunded,web
O11261,2024-05-23,C0002,SUB-ADDON,4,103.44,completed,web
O11262,2024-05-23,C0011,SVC-IMPL,1,901.54,completed,partner
O11263,2024-05-23,C0179,SUB-PRO,5,606.27,completed,partner
O11264,2024-05-23,C0184,SUB-BASIC,4,179.98,completed,sales_assisted
O11265,2024-05-23,C0043,HW-CABLE,2,59.82,completed,web
O11266,2024-05-23,C0066,SUB-PRO,3,339.51,completed,web
O11267,2024-05-23,C0170,HW-CABLE,3,101.83,completed,web
O11268,2024-05-23,C0248,HW-BUNDLE,2,1531.3,completed,web
O11269,2024-05-24,C0012,SUB-ADDON,5,146.82,completed,web
O11270,2024-05-24,C0007,SVC-AUDIT,3,4440.34,completed,web
O11271,2024-05-24,C0050,HW-GATEWAY,2,910.24,completed,sales_assisted
O11272,2024-05-24,C0024,HW-GATEWAY,4,1909.94,completed,sales_assisted
O11273,2024-05-24,C0269,SUB-BASIC,2,97.78,completed,web
O11274,2024-05-24,C0178,HW-BUNDLE,3,2024.79,completed,partner
O11275,2024-05-24,C0089,HW-BUNDLE,5,3488.64,completed,partner
O11276,2024-05-24,C0218,SVC-RETAINER,3,3092.71,completed,web
O11277,2024-05-24,C0060,SVC-IMPL,2,1655.16,completed,web
O11278,2024-05-24,C0221,SVC-RETAINER,4,5015.05,completed,web
O11279,2024-05-24,C0028,HW-CABLE,4,119.58,completed,web
O11280,2024-05-24,C0279,SVC-RETAINER,2,2117.02,completed,web
O11281,2024-05-25,C0070,SUB-ADDON,2,53.64,completed,partner
O11282,2024-05-25,C0210,SVC-IMPL,2,1738.53,completed,sales_assisted
O11283,2024-05-25,C0178,HW-CABLE,5,150.38,completed,sales_assisted
O11284,2024-05-25,C0118,SVC-AUDIT,4,5278.13,completed,sales_assisted
O11285,2024-05-25,C0056,SVC-RETAINER,1,1195.6,completed,web
O11286,2024-05-25,C0136,SVC-TRAIN,2,1356.93,completed,web
O11287,2024-05-25,C0075,HW-SENSOR,1,230.98,completed,web
O11288,2024-05-25,C0243,SUB-PRO,3,335.42,completed,partner
O11289,2024-05-26,C0088,SUB-ADDON,1,27.25,completed,web
O11290,2024-05-26,C0203,SVC-RETAINER,1,1198.29,completed,web
O11291,2024-05-26,C0093,SUB-PRO,5,615.07,completed,sales_assisted
O11292,2024-05-26,C0174,SUB-ADDON,1,28.84,completed,partner
O11293,2024-05-26,C0041,SVC-RETAINER,2,2443.14,completed,web
O11294,2024-05-26,C0076,HW-SENSOR,3,580.09,completed,web
O11295,2024-05-27,C0191,HW-SENSOR,3,576.59,completed,web
O11296,2024-05-27,C0089,HW-SENSOR,4,849.25,completed,sales_assisted
O11297,2024-05-27,C0242,SVC-AUDIT,2,2869.49,completed,sales_assisted
O11298,2024-05-27,C0188,HW-GATEWAY,3,1403.93,completed,sales_assisted
O11299,2024-05-27,C0098,SUB-ADDON,1,29.41,completed,sales_assisted
O11300,2024-05-27,C0075,SVC-RETAINER,1,1134.96,completed,web
O11301,2024-05-27,C0249,SVC-IMPL,5,4287.33,completed,sales_assisted
O11302,2024-05-27,C0090,HW-CABLE,3,106.12,completed,web
O11303,2024-05-27,C0105,HW-BUNDLE,5,3257.51,completed,web
O11304,2024-05-27,C0197,SUB-BASIC,1,44.31,completed,sales_assisted
O11305,2024-05-27,C0009,HW-SENSOR,4,786.92,completed,web
O11306,2024-05-27,C0126,SUB-PRO,4,465.08,completed,web
O11307,2024-05-28,C0127,SVC-TRAIN,1,606.05,completed,web
O11308,2024-05-28,C0228,HW-SENSOR,3,-392.13,refunded,web
O11309,2024-05-28,C0214,SUB-PRO,5,631.04,completed,web
O11310,2024-05-28,C0087,SUB-PRO,4,444.84,completed,sales_assisted
O11311,2024-05-28,C0073,SVC-TRAIN,4,2346.72,completed,sales_assisted
O11312,2024-05-28,C0240,HW-CABLE,1,29.92,completed,web
O11313,2024-05-28,C0049,SUB-ENTERPRISE,2,778.57,completed,web
O11314,2024-05-28,C0041,SVC-TRAIN,5,2964.9,completed,partner
O11315,2024-05-28,C0272,HW-CABLE,4,133.7,completed,web
O11316,2024-05-28,C0209,SUB-ADDON,4,116.88,completed,web
O11317,2024-05-29,C0256,HW-GATEWAY,2,979.12,completed,sales_assisted
O11318,2024-05-29,C0275,SUB-BASIC,5,,completed,sales_assisted
O11319,2024-05-29,C0114,SUB-BASIC,2,93.3,completed,sales_assisted
O11320,2024-05-29,C0225,SVC-RETAINER,1,1124.57,completed,web
O11321,2024-05-29,C0063,HW-GATEWAY,3,1479.66,completed,sales_assisted
O11322,2024-05-29,C0194,HW-CABLE,2,64.44,completed,partner
O11323,2024-05-29,C0095,HW-GATEWAY,3,1353.91,completed,partner
O11324,2024-05-29,C0175,SVC-RETAINER,5,5647.5,completed,web
O11325,2024-05-29,C0113,SVC-IMPL,3,2595.6,completed,sales_assisted
O11326,2024-05-29,C0059,SUB-ADDON,5,126.8,completed,web
O11327,2024-05-29,C0278,SVC-RETAINER,3,3496.3,completed,web
O11328,2024-05-29,C0140,SUB-BASIC,5,223.51,completed,sales_assisted
O11329,2024-05-30,C0149,SVC-IMPL,4,3665.22,completed,web
O11330,2024-05-30,C0054,SUB-BASIC,1,45.75,completed,web
O11331,2024-05-30,C0159,SUB-PRO,2,221.08,completed,sales_assisted
O11332,2024-05-30,C0096,HW-SENSOR,4,843.51,completed,sales_assisted
O11333,2024-05-30,C0205,SVC-TRAIN,1,-515.14,refunded,sales_assisted
O11334,2024-05-30,C0180,SVC-TRAIN,2,1199.15,completed,web
O11335,2024-05-30,C0033,SVC-RETAINER,1,1043.62,completed,web
O11336,2024-05-30,C0075,SVC-IMPL,1,768.03,completed,sales_assisted
O11337,2024-05-30,C0181,SVC-RETAINER,5,5626.0,completed,sales_assisted
O11338,2024-05-30,C0068,SVC-RETAINER,2,2156.81,completed,sales_assisted
O11339,2024-05-30,C0177,SVC-IMPL,5,4435.1,completed,sales_assisted
O11340,2024-05-31,C0186,HW-SENSOR,3,669.21,completed,web
O11341,2024-05-31,C0137,SUB-BASIC,5,256.13,completed,web
O11342,2024-05-31,C0121,HW-SENSOR,2,422.22,completed,sales_assisted
O11343,2024-05-31,C0223,SUB-ADDON,1,28.23,completed,sales_assisted
O11344,2024-05-31,C0175,SVC-TRAIN,3,1834.18,completed,sales_assisted
O11345,2024-05-31,C0146,HW-CABLE,2,64.08,completed,sales_assisted
O11346,2024-05-31,C0265,SVC-AUDIT,4,,completed,web
O11347,2024-05-31,C0264,SVC-RETAINER,5,5588.7,completed,web
O11348,2024-05-31,C0044,SVC-TRAIN,2,1335.09,completed,web
O11349,2024-05-31,C0044,HW-SENSOR,4,886.7,completed,web
O11350,2024-06-01,C0036,HW-CABLE,1,33.26,completed,sales_assisted
O11351,2024-06-01,C0197,SUB-BASIC,1,42.86,completed,sales_assisted
O11352,2024-06-01,C0261,SVC-RETAINER,2,2056.03,completed,sales_assisted
O11353,2024-06-01,C0207,HW-BUNDLE,1,766.69,completed,sales_assisted
O11354,2024-06-01,C0191,SUB-ENTERPRISE,3,1079.09,completed,web
O11355,2024-06-02,C0121,HW-SENSOR,2,429.98,completed,partner
O11356,2024-06-02,C0174,HW-BUNDLE,4,3144.36,completed,web
O11357,2024-06-02,C0062,SUB-ADDON,4,103.74,completed,web
O11358,2024-06-02,C0041,HW-SENSOR,5,1154.03,completed,sales_assisted
O11359,2024-06-02,C0139,SVC-AUDIT,2,2752.16,completed,web
O11360,2024-06-03,C0269,SUB-PRO,2,230.52,completed,web
O11361,2024-06-03,C0241,SUB-BASIC,2,93.66,completed,web
O11362,2024-06-03,C0087,HW-BUNDLE,3,2166.07,completed,sales_assisted
O11363,2024-06-03,C0262,HW-SENSOR,3,607.22,completed,web
O11364,2024-06-03,C0069,SUB-PRO,5,635.7,completed,web
O11365,2024-06-03,C0141,SVC-RETAINER,4,4461.86,completed,partner
O11366,2024-06-03,C0042,SUB-ENTERPRISE,5,1801.22,completed,sales_assisted
O11367,2024-06-03,C0111,SVC-IMPL,4,3291.68,completed,web
O11368,2024-06-04,C0186,SVC-TRAIN,1,-512.17,refunded,partner
O11369,2024-06-04,C0120,SVC-IMPL,4,3560.96,completed,web
O11370,2024-06-04,C0087,SVC-AUDIT,5,7493.03,completed,partner
O11371,2024-06-04,C0161,HW-GATEWAY,3,1397.6,completed,sales_assisted
O11372,2024-06-04,C0049,SVC-IMPL,4,3697.74,completed,sales_assisted
O11373,2024-06-04,C0209,SVC-AUDIT,4,6001.41,completed,web
O11374,2024-06-04,C0061,SVC-TRAIN,3,1787.7,completed,web
O11375,2024-06-04,C0279,SVC-AUDIT,1,1567.43,completed,sales_assisted
O11376,2024-06-05,C0270,HW-SENSOR,2,430.67,completed,partner
O11377,2024-06-05,C0267,HW-GATEWAY,3,1243.54,completed,sales_assisted
O11378,2024-06-05,C0164,SVC-TRAIN,3,1890.17,completed,sales_assisted
O11379,2024-06-05,C0110,SVC-RETAINER,4,4765.73,completed,partner
O11380,2024-06-05,C0205,HW-SENSOR,4,768.98,completed,sales_assisted
O11381,2024-06-05,C0124,HW-GATEWAY,3,1307.0,completed,web
O11382,2024-06-05,C0258,SUB-BASIC,2,86.74,completed,web
O11383,2024-06-05,C0082,SUB-ADDON,1,27.93,completed,web
O11384,2024-06-06,C0249,SVC-AUDIT,3,4521.25,completed,web
O11385,2024-06-06,C0216,SVC-RETAINER,2,2053.03,completed,web
O11386,2024-06-06,C0090,SVC-TRAIN,4,2576.68,completed,partner
O11387,2024-06-06,C0122,HW-CABLE,2,63.94,completed,sales_assisted
O11388,2024-06-06,C0176,SVC-AUDIT,1,1276.55,completed,web
O11389,2024-06-06,C0011,SVC-IMPL,4,3433.42,completed,sales_assisted
O11390,2024-06-06,C0125,SVC-TRAIN,4,2413.52,completed,sales_assisted
O11391,2024-06-06,C0088,SUB-PRO,1,125.1,completed,partner
O11392,2024-06-06,C0098,HW-GATEWAY,3,1457.73,completed,web
O11393,2024-06-07,C0120,SVC-IMPL,1,-781.68,refunded,web
O11394,2024-06-07,C0196,HW-CABLE,3,-65.75,refunded,partner
O11395,2024-06-07,C0206,SUB-ENTERPRISE,5,1830.32,completed,web
O11396,2024-06-07,C0106,SVC-TRAIN,2,1170.28,completed,partner
O11397,2024-06-07,C0125,SUB-ENTERPRISE,1,357.42,completed,web
O11398,2024-06-07,C0246,SUB-BASIC,3,127.97,completed,partner
O11399,2024-06-07,C0165,HW-SENSOR,5,1080.24,completed,web
O11400,2024-06-07,C0238,SUB-BASIC,1,51.08,completed,web
O11401,2024-06-07,C0057,SVC-RETAINER,3,3270.02,completed,web
O11402,2024-06-08,C0125,SVC-AUDIT,3,3937.56,completed,partner
O11403,2024-06-08,C0176,SVC-IMPL,5,4190.97,completed,web
O11404,2024-06-08,C0184,SUB-ENTERPRISE,2,688.17,completed,sales_assisted
O11405,2024-06-08,C0054,SVC-AUDIT,3,4209.31,completed,sales_assisted
O11406,2024-06-08,C0206,HW-BUNDLE,2,1366.07,completed,sales_assisted
O11407,2024-06-09,C0072,SVC-IMPL,2,1887.65,completed,partner
O11408,2024-06-09,C0203,HW-BUNDLE,2,1513.48,completed,sales_assisted
O11409,2024-06-09,C0262,SVC-AUDIT,4,5994.82,completed,web
O11410,2024-06-09,C0105,SVC-TRAIN,2,1254.18,completed,sales_assisted
O11411,2024-06-09,C0120,SVC-IMPL,4,3249.71,completed,web
O11412,2024-06-10,C0019,SVC-AUDIT,1,1376.84,completed,sales_assisted
O11413,2024-06-10,C0198,SVC-RETAINER,4,4122.98,completed,sales_assisted
O11414,2024-06-10,C0101,SUB-ADDON,2,51.01,completed,sales_assisted
O11415,2024-06-10,C0164,SVC-IMPL,1,910.18,completed,web
O11416,2024-06-10,C0216,SUB-ENTERPRISE,4,1429.98,completed,web
O11417,2024-06-10,C0218,SUB-ENTERPRISE,2,816.9,completed,partner
O11418,2024-06-10,C0074,HW-GATEWAY,2,904.1,completed,web
O11419,2024-06-10,C0102,HW-BUNDLE,3,,completed,web
O11420,2024-06-11,C0182,SUB-BASIC,3,131.79,completed,web
O11421,2024-06-11,C0006,SUB-ENTERPRISE,3,1188.11,completed,web
O11422,2024-06-11,C0030,HW-BUNDLE,3,2065.18,completed,sales_assisted
O11423,2024-06-11,C0147,SUB-BASIC,4,188.49,completed,partner
O11424,2024-06-11,C0187,HW-GATEWAY,5,2397.25,completed,partner
O11425,2024-06-11,C0065,HW-CABLE,1,30.91,completed,web
O11426,2024-06-11,C0033,SUB-BASIC,3,152.34,completed,sales_assisted
O11427,2024-06-11,C0070,SUB-BASIC,1,-32.93,refunded,web
O11428,2024-06-11,C0069,SUB-ADDON,1,-12.54,refunded,partner
O11429,2024-06-12,C0197,HW-CABLE,3,94.69,completed,sales_assisted
O11430,2024-06-12,C0233,HW-SENSOR,2,379.92,completed,web
O11431,2024-06-12,C0249,SUB-ENTERPRISE,2,783.45,completed,web
O11432,2024-06-12,C0116,HW-GATEWAY,3,1365.9,completed,partner
O11433,2024-06-12,C0201,HW-GATEWAY,3,1426.98,completed,web
O11434,2024-06-12,C0237,HW-GATEWAY,2,817.08,completed,sales_assisted
O11435,2024-06-12,C0060,SUB-BASIC,4,168.19,completed,sales_assisted
O11436,2024-06-12,C0174,SUB-ADDON,3,87.65,completed,sales_assisted
O11437,2024-06-12,C0133,SVC-IMPL,5,4446.8,completed,web
O11438,2024-06-13,C0201,SVC-RETAINER,2,2135.11,completed,web
O11439,2024-06-13,C0138,HW-SENSOR,4,-453.44,refunded,web
O11440,2024-06-13,C0249,SUB-ADDON,5,129.69,completed,web
O11441,2024-06-13,C0279,HW-CABLE,4,140.89,completed,sales_assisted
O11442,2024-06-13,C0066,SUB-ADDON,2,55.9,completed,sales_assisted
O11443,2024-06-13,C0023,SVC-RETAINER,5,5658.53,completed,partner
O11444,2024-06-13,C0068,SVC-TRAIN,5,3153.12,completed,web
O11445,2024-06-13,C0076,SVC-TRAIN,5,3159.57,completed,web
O11446,2024-06-14,C0205,SUB-BASIC,5,243.13,completed,partner
O11447,2024-06-14,C0129,SUB-ENTERPRISE,5,1704.69,completed,web
O11448,2024-06-14,C0142,SUB-BASIC,2,95.63,completed,web
O11449,2024-06-14,C0138,SVC-RETAINER,3,3075.15,completed,sales_assisted
O11450,2024-06-14,C0145,SUB-ENTERPRISE,1,391.56,completed,sales_assisted
O11451,2024-06-14,C0098,SVC-TRAIN,4,2254.65,completed,web
O11452,2024-06-14,C0194,SVC-RETAINER,1,1211.38,completed,sales_assisted
O11453,2024-06-14,C0104,SUB-ADDON,1,26.79,completed,sales_assisted
O11454,2024-06-15,C0022,SUB-BASIC,4,205.17,completed,web
O11455,2024-06-15,C0139,SUB-PRO,2,242.85,completed,partner
O11456,2024-06-15,C0002,HW-GATEWAY,3,1377.02,completed,web
O11457,2024-06-15,C0202,SVC-AUDIT,4,5573.48,completed,web
O11458,2024-06-15,C0066,HW-CABLE,3,102.23,completed,web
O11459,2024-06-15,C0128,SVC-TRAIN,1,612.12,completed,web
O11460,2024-06-16,C0054,HW-GATEWAY,3,1491.91,completed,web
O11461,2024-06-16,C0129,HW-GATEWAY,5,2245.8,completed,web
O11462,2024-06-16,C0029,SUB-ADDON,1,26.74,completed,web
O11463,2024-06-16,C0179,SUB-ADDON,5,141.88,completed,web
O11464,2024-06-16,C0105,SUB-ADDON,1,26.3,completed,web
O11465,2024-06-16,C0009,SUB-ADDON,2,55.53,completed,web
O11466,2024-06-17,C0240,SVC-TRAIN,1,557.29,completed,partner
O11467,2024-06-17,C0111,SVC-AUDIT,1,1390.3,completed,web
O11468,2024-06-17,C0280,SVC-IMPL,2,1766.12,completed,sales_assisted
O11469,2024-06-17,C0141,SVC-TRAIN,2,1152.89,completed,web
O11470,2024-06-17,C0154,HW-SENSOR,4,908.83,completed,web
O11471,2024-06-17,C0239,SVC-IMPL,5,4565.51,completed,web
O11472,2024-06-17,C0140,HW-SENSOR,1,229.12,completed,web
O11473,2024-06-17,C0237,SVC-TRAIN,4,2701.4,completed,web
O11474,2024-06-17,C0274,SVC-AUDIT,4,5759.29,completed,web
O11475,2024-06-18,C0272,SUB-ENTERPRISE,2,680.57,completed,sales_assisted
O11476,2024-06-18,C0034,SUB-PRO,5,598.55,completed,partner
O11477,2024-06-18,C0248,SUB-ENTERPRISE,4,1528.12,completed,web
O11478,2024-06-18,C0040,HW-CABLE,2,59.69,completed,sales_assisted
O11479,2024-06-18,C0163,SUB-ADDON,3,77.63,completed,sales_assisted
O11480,2024-06-18,C0146,SVC-RETAINER,1,1177.97,completed,web
O11481,2024-06-18,C0114,SVC-IMPL,5,4240.33,completed,web
O11482,2024-06-18,C0270,SVC-AUDIT,1,1423.92,completed,web
O11483,2024-06-18,C0171,SVC-AUDIT,5,6617.28,completed,partner
O11484,2024-06-19,C0142,SUB-PRO,4,512.44,completed,web
O11485,2024-06-19,C0181,SVC-RETAINER,5,5529.3,completed,partner
O11486,2024-06-19,C0074,SVC-TRAIN,5,3294.81,completed,web
O11487,2024-06-19,C0245,HW-SENSOR,4,861.04,completed,web
O11488,2024-06-19,C0251,HW-SENSOR,3,592.67,completed,web
O11489,2024-06-19,C0152,SUB-BASIC,4,187.71,completed,sales_assisted
O11490,2024-06-19,C0050,HW-CABLE,1,34.32,completed,sales_assisted
O11491,2024-06-19,C0234,SUB-ENTERPRISE,3,-657.24,refunded,web
O11492,2024-06-19,C0154,SVC-AUDIT,4,5817.7,completed,sales_assisted
O11493,2024-06-19,C0221,SVC-TRAIN,5,3014.25,completed,web
O11494,2024-06-20,C0054,SUB-ENTERPRISE,2,823.27,completed,partner
O11495,2024-06-20,C0078,SUB-ADDON,3,87.33,completed,sales_assisted
O11496,2024-06-20,C0225,SVC-IMPL,5,-3843.57,refunded,partner
O11497,2024-06-20,C0277,SUB-ADDON,4,101.11,completed,sales_assisted
O11498,2024-06-20,C0123,SVC-IMPL,4,-2478.8,refunded,sales_assisted
O11499,2024-06-20,C0033,SVC-IMPL,1,844.88,completed,sales_assisted
O11500,2024-06-20,C0150,SUB-PRO,4,502.74,completed,sales_assisted
O11501,2024-06-20,C0194,SVC-TRAIN,3,1680.65,completed,sales_assisted
O11502,2024-06-20,C0162,SUB-ENTERPRISE,1,392.81,completed,web
O11503,2024-06-21,C0072,SVC-AUDIT,3,4240.89,completed,web
O11504,2024-06-21,C0089,SUB-ENTERPRISE,2,802.87,completed,web
O11505,2024-06-21,C0237,SVC-IMPL,4,3122.73,completed,web
O11506,2024-06-21,C0259,HW-SENSOR,2,458.61,completed,sales_assisted
O11507,2024-06-21,C0096,SVC-AUDIT,2,3117.93,completed,sales_assisted
O11508,2024-06-21,C0104,SUB-BASIC,5,235.24,completed,web
O11509,2024-06-21,C0104,SVC-RETAINER,2,2043.44,completed,sales_assisted
O11510,2024-06-21,C0008,HW-CABLE,2,62.6,completed,partner
O11511,2024-06-21,C0075,HW-BUNDLE,3,2296.91,completed,partner
O11512,2024-06-21,C0074,SVC-TRAIN,2,1136.28,completed,web
O11513,2024-06-22,C0021,HW-SENSOR,1,214.89,completed,partner
O11514,2024-06-22,C0041,HW-GATEWAY,1,415.26,completed,web
O11515,2024-06-22,C0197,SUB-ADDON,5,-61.4,refunded,web
O11516,2024-06-22,C0235,SVC-TRAIN,4,2293.45,completed,sales_assisted
O11517,2024-06-22,C0228,SVC-TRAIN,2,1142.89,completed,sales_assisted
O11518,2024-06-22,C0027,HW-SENSOR,1,226.85,completed,sales_assisted
O11519,2024-06-23,C0187,HW-SENSOR,5,1000.84,completed,web
O11520,2024-06-23,C0068,SVC-TRAIN,3,2046.78,completed,web
O11521,2024-06-23,C0219,HW-SENSOR,3,691.1,completed,web
O11522,2024-06-23,C0059,SVC-TRAIN,2,1338.11,completed,sales_assisted
O11523,2024-06-23,C0067,HW-SENSOR,2,409.49,completed,web
O11524,2024-06-24,C0105,HW-SENSOR,1,224.16,completed,sales_assisted
O11525,2024-06-24,C0034,HW-BUNDLE,1,658.21,completed,web
O11526,2024-06-24,C0091,HW-CABLE,3,90.28,completed,web
O11527,2024-06-24,C0054,HW-SENSOR,4,904.1,completed,web
O11528,2024-06-24,C0178,HW-GATEWAY,4,1996.51,completed,web
O11529,2024-06-24,C0255,HW-BUNDLE,1,774.75,completed,sales_assisted
O11530,2024-06-24,C0029,SUB-ENTERPRISE,1,344.24,completed,web
O11531,2024-06-24,C0152,HW-SENSOR,4,892.28,completed,web
O11532,2024-06-24,C0213,HW-GATEWAY,3,1443.39,completed,sales_assisted
O11533,2024-06-25,C0046,HW-SENSOR,3,616.8,completed,sales_assisted
O11534,2024-06-25,C0161,SVC-RETAINER,5,5274.42,completed,sales_assisted
O11535,2024-06-25,C0003,SVC-TRAIN,3,1857.06,completed,web
O11536,2024-06-25,C0058,HW-CABLE,5,162.8,completed,web
O11537,2024-06-25,C0023,SUB-ENTERPRISE,3,1235.66,completed,partner
O11538,2024-06-25,C0137,SVC-IMPL,4,3385.21,completed,web
O11539,2024-06-25,C0277,SVC-AUDIT,4,5907.86,completed,web
O11540,2024-06-25,C0252,HW-CABLE,1,32.72,completed,web
O11541,2024-06-26,C0229,SVC-IMPL,3,2466.6,completed,web
O11542,2024-06-26,C0065,HW-CABLE,5,167.24,completed,sales_assisted
O11543,2024-06-26,C0119,SUB-BASIC,3,139.93,completed,web
O11544,2024-06-26,C0249,HW-CABLE,2,65.59,completed,web
O11545,2024-06-26,C0252,HW-GATEWAY,2,868.55,completed,web
O11546,2024-06-26,C0211,SVC-TRAIN,4,2437.65,completed,partner
O11547,2024-06-26,C0038,SUB-PRO,1,119.95,completed,web
O11548,2024-06-26,C0097,HW-CABLE,2,67.9,completed,sales_assisted
O11549,2024-06-26,C0098,SUB-ENTERPRISE,3,1097.5,completed,sales_assisted
O11550,2024-06-27,C0214,SVC-IMPL,4,3377.06,completed,web
O11551,2024-06-27,C0047,SUB-PRO,4,522.84,completed,sales_assisted
O11552,2024-06-27,C0022,HW-CABLE,3,100.62,completed,web
O11553,2024-06-27,C0043,SVC-TRAIN,3,1761.71,completed,sales_assisted
O11554,2024-06-27,C0185,SVC-AUDIT,3,4643.1,completed,web
O11555,2024-06-27,C0163,HW-CABLE,3,96.63,completed,web
O11556,2024-06-27,C0027,SUB-PRO,2,-210.85,refunded,web
O11557,2024-06-27,C0262,HW-SENSOR,5,946.49,completed,web
O11558,2024-06-27,C0278,HW-SENSOR,5,1085.49,completed,web
O11559,2024-06-28,C0153,HW-GATEWAY,2,951.68,completed,web
O11560,2024-06-28,C0052,HW-SENSOR,5,1018.36,completed,sales_assisted
O11561,2024-06-28,C0010,HW-SENSOR,5,,completed,sales_assisted
O11562,2024-06-28,C0019,SVC-RETAINER,5,5594.92,completed,sales_assisted
O11563,2024-06-28,C0235,SVC-IMPL,2,1845.36,completed,web
O11564,2024-06-28,C0278,SVC-TRAIN,4,2394.17,completed,web
O11565,2024-06-28,C0011,SUB-PRO,4,519.2,completed,partner
O11566,2024-06-28,C0046,SUB-PRO,4,499.36,completed,web
O11567,2024-06-28,C0064,SVC-AUDIT,3,4111.55,completed,sales_assisted
O11568,2024-06-29,C0009,HW-BUNDLE,3,2204.2,completed,web
O11569,2024-06-29,C0254,HW-BUNDLE,3,2005.58,completed,web
O11570,2024-06-29,C0036,SUB-BASIC,5,217.35,completed,sales_assisted
O11571,2024-06-29,C0043,SUB-ADDON,3,84.45,completed,web
O11572,2024-06-29,C0264,SUB-BASIC,4,195.66,completed,partner
O11573,2024-06-30,C0049,SUB-PRO,1,125.13,completed,web
O11574,2024-06-30,C0096,SVC-AUDIT,5,6697.49,completed,web
O11575,2024-06-30,C0042,SUB-ADDON,5,,completed,web
O11576,2024-06-30,C0169,HW-CABLE,2,62.89,completed,sales_assisted
O11577,2024-06-30,C0168,SUB-PRO,4,442.62,completed,web
O10100,2024-01-13,C0271,HW-CABLE,2,70.0,completed,sales_assisted
